variant,split,budget_pct,slice,decisions,coverage,defer_precision,false_positive_rate,harmful_selection_rate,target_match_rate,base_target_match_rate,compute_target_match_rate,mean_delta_regret,mean_delta_miss
prototype_branchwise_max_negative_cleanup_support_agree_mix,round11_feature_cache_seed315_metadata,0.1,overall,4344,0.0011510128913443832,0.0,1.0,0.0,0.9677716390423573,0.9677716390423573,0.9525782688766115,0.0,0.0
prototype_branchwise_max_negative_cleanup_support_agree_mix,round11_feature_cache_seed315_metadata,0.1,stable_positive_v2,1,0.0,0.0,0.0,0.0,0.0,0.0,1.0,0.0,0.0
prototype_branchwise_max_negative_cleanup_support_agree_mix,round11_feature_cache_seed315_metadata,0.1,hard_near_tie,832,0.003605769230769231,0.0,1.0,0.0,0.9158653846153846,0.9158653846153846,0.8930288461538461,0.0,0.0
prototype_branchwise_max_negative_cleanup_support_agree_mix,round11_feature_cache_seed315_metadata,0.1,high_headroom_near_tie,35,0.0,0.0,0.0,0.0,0.0,0.0,0.02857142857142857,0.0,0.0
prototype_branchwise_max_negative_cleanup_support_agree_mix,round11_feature_cache_seed315_metadata,0.1,baseline_error_near_tie,71,0.014084507042253521,0.0,1.0,0.0,0.014084507042253521,0.014084507042253521,0.028169014084507043,0.0,0.0
prototype_branchwise_max_negative_cleanup_support_agree_mix,round11_feature_cache_seed315_metadata,0.1,large_gap_control,951,0.0,0.0,0.0,0.0,0.9978969505783386,0.9978969505783386,0.9936908517350158,0.0,0.0
prototype_branchwise_max_negative_cleanup_support_agree_mix,round11_feature_cache_seed315_metadata,0.25,overall,4344,0.0025322283609576428,0.0,1.0,0.0,0.9677716390423573,0.9677716390423573,0.9525782688766115,0.0,0.0
prototype_branchwise_max_negative_cleanup_support_agree_mix,round11_feature_cache_seed315_metadata,0.25,stable_positive_v2,1,0.0,0.0,0.0,0.0,0.0,0.0,1.0,0.0,0.0
prototype_branchwise_max_negative_cleanup_support_agree_mix,round11_feature_cache_seed315_metadata,0.25,hard_near_tie,832,0.007211538461538462,0.0,1.0,0.0,0.9158653846153846,0.9158653846153846,0.8930288461538461,0.0,0.0
prototype_branchwise_max_negative_cleanup_support_agree_mix,round11_feature_cache_seed315_metadata,0.25,high_headroom_near_tie,35,0.0,0.0,0.0,0.0,0.0,0.0,0.02857142857142857,0.0,0.0
prototype_branchwise_max_negative_cleanup_support_agree_mix,round11_feature_cache_seed315_metadata,0.25,baseline_error_near_tie,71,0.028169014084507043,0.0,1.0,0.0,0.014084507042253521,0.014084507042253521,0.028169014084507043,0.0,0.0
prototype_branchwise_max_negative_cleanup_support_agree_mix,round11_feature_cache_seed315_metadata,0.25,large_gap_control,951,0.0,0.0,0.0,0.0,0.9978969505783386,0.9978969505783386,0.9936908517350158,0.0,0.0
prototype_branchwise_max_negative_cleanup_support_agree_mix,round11_feature_cache_seed315_metadata,0.5,overall,4344,0.0050644567219152855,0.0,1.0,0.0,0.9677716390423573,0.9677716390423573,0.9525782688766115,0.0,0.0
prototype_branchwise_max_negative_cleanup_support_agree_mix,round11_feature_cache_seed315_metadata,0.5,stable_positive_v2,1,0.0,0.0,0.0,0.0,0.0,0.0,1.0,0.0,0.0
prototype_branchwise_max_negative_cleanup_support_agree_mix,round11_feature_cache_seed315_metadata,0.5,hard_near_tie,832,0.013221153846153846,0.0,1.0,0.0,0.9158653846153846,0.9158653846153846,0.8930288461538461,0.0,0.0
prototype_branchwise_max_negative_cleanup_support_agree_mix,round11_feature_cache_seed315_metadata,0.5,high_headroom_near_tie,35,0.05714285714285714,0.0,1.0,0.0,0.0,0.0,0.02857142857142857,0.0,0.0
prototype_branchwise_max_negative_cleanup_support_agree_mix,round11_feature_cache_seed315_metadata,0.5,baseline_error_near_tie,71,0.056338028169014086,0.0,1.0,0.0,0.014084507042253521,0.014084507042253521,0.028169014084507043,0.0,0.0
prototype_branchwise_max_negative_cleanup_support_agree_mix,round11_feature_cache_seed315_metadata,0.5,large_gap_control,951,0.0010515247108307045,0.0,1.0,0.0,0.9978969505783386,0.9978969505783386,0.9936908517350158,0.0,0.0
prototype_branchwise_max_negative_cleanup_support_agree_mix,round11_feature_cache_seed315_metadata,0.75,overall,4344,0.007596685082872928,0.0,1.0,0.0,0.9677716390423573,0.9677716390423573,0.9525782688766115,0.0,0.0
prototype_branchwise_max_negative_cleanup_support_agree_mix,round11_feature_cache_seed315_metadata,0.75,stable_positive_v2,1,0.0,0.0,0.0,0.0,0.0,0.0,1.0,0.0,0.0
prototype_branchwise_max_negative_cleanup_support_agree_mix,round11_feature_cache_seed315_metadata,0.75,hard_near_tie,832,0.021634615384615384,0.0,1.0,0.0,0.9158653846153846,0.9158653846153846,0.8930288461538461,0.0,0.0
prototype_branchwise_max_negative_cleanup_support_agree_mix,round11_feature_cache_seed315_metadata,0.75,high_headroom_near_tie,35,0.05714285714285714,0.0,1.0,0.0,0.0,0.0,0.02857142857142857,0.0,0.0
prototype_branchwise_max_negative_cleanup_support_agree_mix,round11_feature_cache_seed315_metadata,0.75,baseline_error_near_tie,71,0.07042253521126761,0.0,1.0,0.0,0.014084507042253521,0.014084507042253521,0.028169014084507043,0.0,0.0
prototype_branchwise_max_negative_cleanup_support_agree_mix,round11_feature_cache_seed315_metadata,0.75,large_gap_control,951,0.0010515247108307045,0.0,1.0,0.0,0.9978969505783386,0.9978969505783386,0.9936908517350158,0.0,0.0
prototype_branchwise_max_negative_cleanup_support_agree_mix,round11_feature_cache_seed315_metadata,1.0,overall,4344,0.010128913443830571,0.0,1.0,0.0,0.9677716390423573,0.9677716390423573,0.9525782688766115,0.0,0.0
prototype_branchwise_max_negative_cleanup_support_agree_mix,round11_feature_cache_seed315_metadata,1.0,stable_positive_v2,1,0.0,0.0,0.0,0.0,0.0,0.0,1.0,0.0,0.0
prototype_branchwise_max_negative_cleanup_support_agree_mix,round11_feature_cache_seed315_metadata,1.0,hard_near_tie,832,0.026442307692307692,0.0,1.0,0.0,0.9158653846153846,0.9158653846153846,0.8930288461538461,0.0,0.0
prototype_branchwise_max_negative_cleanup_support_agree_mix,round11_feature_cache_seed315_metadata,1.0,high_headroom_near_tie,35,0.05714285714285714,0.0,1.0,0.0,0.0,0.0,0.02857142857142857,0.0,0.0
prototype_branchwise_max_negative_cleanup_support_agree_mix,round11_feature_cache_seed315_metadata,1.0,baseline_error_near_tie,71,0.07042253521126761,0.0,1.0,0.0,0.014084507042253521,0.014084507042253521,0.028169014084507043,0.0,0.0
prototype_branchwise_max_negative_cleanup_support_agree_mix,round11_feature_cache_seed315_metadata,1.0,large_gap_control,951,0.0010515247108307045,0.0,1.0,0.0,0.9978969505783386,0.9978969505783386,0.9936908517350158,0.0,0.0
prototype_branchwise_max_negative_cleanup_support_agree_mix,round11_feature_cache_seed315_metadata,1.5,overall,4344,0.015193370165745856,0.0,1.0,0.0,0.9677716390423573,0.9677716390423573,0.9525782688766115,0.0,0.0
prototype_branchwise_max_negative_cleanup_support_agree_mix,round11_feature_cache_seed315_metadata,1.5,stable_positive_v2,1,0.0,0.0,0.0,0.0,0.0,0.0,1.0,0.0,0.0
prototype_branchwise_max_negative_cleanup_support_agree_mix,round11_feature_cache_seed315_metadata,1.5,hard_near_tie,832,0.037259615384615384,0.0,1.0,0.0,0.9158653846153846,0.9158653846153846,0.8930288461538461,0.0,0.0
prototype_branchwise_max_negative_cleanup_support_agree_mix,round11_feature_cache_seed315_metadata,1.5,high_headroom_near_tie,35,0.11428571428571428,0.0,1.0,0.0,0.0,0.0,0.02857142857142857,0.0,0.0
prototype_branchwise_max_negative_cleanup_support_agree_mix,round11_feature_cache_seed315_metadata,1.5,baseline_error_near_tie,71,0.1267605633802817,0.0,1.0,0.0,0.014084507042253521,0.014084507042253521,0.028169014084507043,0.0,0.0
prototype_branchwise_max_negative_cleanup_support_agree_mix,round11_feature_cache_seed315_metadata,1.5,large_gap_control,951,0.0010515247108307045,0.0,1.0,0.0,0.9978969505783386,0.9978969505783386,0.9936908517350158,0.0,0.0
prototype_branchwise_max_negative_cleanup_support_agree_mix,round11_feature_cache_seed315_metadata,2.0,overall,4344,0.020027624309392266,0.0,1.0,0.0,0.9677716390423573,0.9677716390423573,0.9525782688766115,0.0,0.0
prototype_branchwise_max_negative_cleanup_support_agree_mix,round11_feature_cache_seed315_metadata,2.0,stable_positive_v2,1,0.0,0.0,0.0,0.0,0.0,0.0,1.0,0.0,0.0
prototype_branchwise_max_negative_cleanup_support_agree_mix,round11_feature_cache_seed315_metadata,2.0,hard_near_tie,832,0.05048076923076923,0.0,1.0,0.0,0.9158653846153846,0.9158653846153846,0.8930288461538461,0.0,0.0
prototype_branchwise_max_negative_cleanup_support_agree_mix,round11_feature_cache_seed315_metadata,2.0,high_headroom_near_tie,35,0.11428571428571428,0.0,1.0,0.0,0.0,0.0,0.02857142857142857,0.0,0.0
prototype_branchwise_max_negative_cleanup_support_agree_mix,round11_feature_cache_seed315_metadata,2.0,baseline_error_near_tie,71,0.16901408450704225,0.0,1.0,0.0,0.014084507042253521,0.014084507042253521,0.028169014084507043,0.0,0.0
prototype_branchwise_max_negative_cleanup_support_agree_mix,round11_feature_cache_seed315_metadata,2.0,large_gap_control,951,0.0010515247108307045,0.0,1.0,0.0,0.9978969505783386,0.9978969505783386,0.9936908517350158,0.0,0.0
prototype_branchwise_max_negative_cleanup_support_agree_mix,round11_feature_cache_seed316_metadata,0.1,overall,4339,0.00115233924867481,0.0,1.0,0.0,0.9624337404932012,0.9624337404932012,0.9668126296381655,0.0,0.0
prototype_branchwise_max_negative_cleanup_support_agree_mix,round11_feature_cache_seed316_metadata,0.1,stable_positive_v2,3,0.0,0.0,0.0,0.0,0.0,0.0,1.0,0.0,0.0
prototype_branchwise_max_negative_cleanup_support_agree_mix,round11_feature_cache_seed316_metadata,0.1,hard_near_tie,657,0.0060882800608828,0.0,1.0,0.0,0.8919330289193302,0.8919330289193302,0.893455098934551,0.0,0.0
prototype_branchwise_max_negative_cleanup_support_agree_mix,round11_feature_cache_seed316_metadata,0.1,high_headroom_near_tie,35,0.0,0.0,0.0,0.0,0.0,0.0,0.08571428571428572,0.0,0.0
prototype_branchwise_max_negative_cleanup_support_agree_mix,round11_feature_cache_seed316_metadata,0.1,baseline_error_near_tie,73,0.0,0.0,0.0,0.0,0.0273972602739726,0.0273972602739726,0.0684931506849315,0.0,0.0
prototype_branchwise_max_negative_cleanup_support_agree_mix,round11_feature_cache_seed316_metadata,0.1,large_gap_control,970,0.0,0.0,0.0,0.0,0.9979381443298969,0.9979381443298969,0.9989690721649485,0.0,0.0
prototype_branchwise_max_negative_cleanup_support_agree_mix,round11_feature_cache_seed316_metadata,0.25,overall,4339,0.002535146347084582,0.0,1.0,0.0,0.9624337404932012,0.9624337404932012,0.9668126296381655,0.0,0.0
prototype_branchwise_max_negative_cleanup_support_agree_mix,round11_feature_cache_seed316_metadata,0.25,stable_positive_v2,3,0.0,0.0,0.0,0.0,0.0,0.0,1.0,0.0,0.0
prototype_branchwise_max_negative_cleanup_support_agree_mix,round11_feature_cache_seed316_metadata,0.25,hard_near_tie,657,0.0106544901065449,0.0,1.0,0.0,0.8919330289193302,0.8919330289193302,0.893455098934551,0.0,0.0
prototype_branchwise_max_negative_cleanup_support_agree_mix,round11_feature_cache_seed316_metadata,0.25,high_headroom_near_tie,35,0.0,0.0,0.0,0.0,0.0,0.0,0.08571428571428572,0.0,0.0
prototype_branchwise_max_negative_cleanup_support_agree_mix,round11_feature_cache_seed316_metadata,0.25,baseline_error_near_tie,73,0.0,0.0,0.0,0.0,0.0273972602739726,0.0273972602739726,0.0684931506849315,0.0,0.0
prototype_branchwise_max_negative_cleanup_support_agree_mix,round11_feature_cache_seed316_metadata,0.25,large_gap_control,970,0.0,0.0,0.0,0.0,0.9979381443298969,0.9979381443298969,0.9989690721649485,0.0,0.0
prototype_branchwise_max_negative_cleanup_support_agree_mix,round11_feature_cache_seed316_metadata,0.5,overall,4339,0.005070292694169164,0.0,1.0,0.0,0.9624337404932012,0.9624337404932012,0.9668126296381655,0.0,0.0
prototype_branchwise_max_negative_cleanup_support_agree_mix,round11_feature_cache_seed316_metadata,0.5,stable_positive_v2,3,0.0,0.0,0.0,0.0,0.0,0.0,1.0,0.0,0.0
prototype_branchwise_max_negative_cleanup_support_agree_mix,round11_feature_cache_seed316_metadata,0.5,hard_near_tie,657,0.0136986301369863,0.0,1.0,0.0,0.8919330289193302,0.8919330289193302,0.893455098934551,0.0,0.0
prototype_branchwise_max_negative_cleanup_support_agree_mix,round11_feature_cache_seed316_metadata,0.5,high_headroom_near_tie,35,0.0,0.0,0.0,0.0,0.0,0.0,0.08571428571428572,0.0,0.0
prototype_branchwise_max_negative_cleanup_support_agree_mix,round11_feature_cache_seed316_metadata,0.5,baseline_error_near_tie,73,0.0,0.0,0.0,0.0,0.0273972602739726,0.0273972602739726,0.0684931506849315,0.0,0.0
prototype_branchwise_max_negative_cleanup_support_agree_mix,round11_feature_cache_seed316_metadata,0.5,large_gap_control,970,0.002061855670103093,0.0,1.0,0.0,0.9979381443298969,0.9979381443298969,0.9989690721649485,0.0,0.0
prototype_branchwise_max_negative_cleanup_support_agree_mix,round11_feature_cache_seed316_metadata,0.75,overall,4339,0.0076054390412537455,0.0,1.0,0.0,0.9624337404932012,0.9624337404932012,0.9668126296381655,0.0,0.0
prototype_branchwise_max_negative_cleanup_support_agree_mix,round11_feature_cache_seed316_metadata,0.75,stable_positive_v2,3,0.0,0.0,0.0,0.0,0.0,0.0,1.0,0.0,0.0
prototype_branchwise_max_negative_cleanup_support_agree_mix,round11_feature_cache_seed316_metadata,0.75,hard_near_tie,657,0.015220700152207,0.0,1.0,0.0,0.8919330289193302,0.8919330289193302,0.893455098934551,0.0,0.0
prototype_branchwise_max_negative_cleanup_support_agree_mix,round11_feature_cache_seed316_metadata,0.75,high_headroom_near_tie,35,0.0,0.0,0.0,0.0,0.0,0.0,0.08571428571428572,0.0,0.0
prototype_branchwise_max_negative_cleanup_support_agree_mix,round11_feature_cache_seed316_metadata,0.75,baseline_error_near_tie,73,0.0,0.0,0.0,0.0,0.0273972602739726,0.0273972602739726,0.0684931506849315,0.0,0.0
prototype_branchwise_max_negative_cleanup_support_agree_mix,round11_feature_cache_seed316_metadata,0.75,large_gap_control,970,0.004123711340206186,0.0,1.0,0.0,0.9979381443298969,0.9979381443298969,0.9989690721649485,0.0,0.0
prototype_branchwise_max_negative_cleanup_support_agree_mix,round11_feature_cache_seed316_metadata,1.0,overall,4339,0.010140585388338327,0.0,1.0,0.0,0.9624337404932012,0.9624337404932012,0.9668126296381655,0.0,0.0
prototype_branchwise_max_negative_cleanup_support_agree_mix,round11_feature_cache_seed316_metadata,1.0,stable_positive_v2,3,0.0,0.0,0.0,0.0,0.0,0.0,1.0,0.0,0.0
prototype_branchwise_max_negative_cleanup_support_agree_mix,round11_feature_cache_seed316_metadata,1.0,hard_near_tie,657,0.015220700152207,0.0,1.0,0.0,0.8919330289193302,0.8919330289193302,0.893455098934551,0.0,0.0
prototype_branchwise_max_negative_cleanup_support_agree_mix,round11_feature_cache_seed316_metadata,1.0,high_headroom_near_tie,35,0.0,0.0,0.0,0.0,0.0,0.0,0.08571428571428572,0.0,0.0
prototype_branchwise_max_negative_cleanup_support_agree_mix,round11_feature_cache_seed316_metadata,1.0,baseline_error_near_tie,73,0.0,0.0,0.0,0.0,0.0273972602739726,0.0273972602739726,0.0684931506849315,0.0,0.0
prototype_branchwise_max_negative_cleanup_support_agree_mix,round11_feature_cache_seed316_metadata,1.0,large_gap_control,970,0.004123711340206186,0.0,1.0,0.0,0.9979381443298969,0.9979381443298969,0.9989690721649485,0.0,0.0
prototype_branchwise_max_negative_cleanup_support_agree_mix,round11_feature_cache_seed316_metadata,1.5,overall,4339,0.015210878082507491,0.0,1.0,0.0,0.9624337404932012,0.9624337404932012,0.9668126296381655,0.0,0.0
prototype_branchwise_max_negative_cleanup_support_agree_mix,round11_feature_cache_seed316_metadata,1.5,stable_positive_v2,3,0.0,0.0,0.0,0.0,0.0,0.0,1.0,0.0,0.0
prototype_branchwise_max_negative_cleanup_support_agree_mix,round11_feature_cache_seed316_metadata,1.5,hard_near_tie,657,0.0197869101978691,0.0,1.0,0.0,0.8919330289193302,0.8919330289193302,0.893455098934551,0.0,0.0
prototype_branchwise_max_negative_cleanup_support_agree_mix,round11_feature_cache_seed316_metadata,1.5,high_headroom_near_tie,35,0.0,0.0,0.0,0.0,0.0,0.0,0.08571428571428572,0.0,0.0
prototype_branchwise_max_negative_cleanup_support_agree_mix,round11_feature_cache_seed316_metadata,1.5,baseline_error_near_tie,73,0.0,0.0,0.0,0.0,0.0273972602739726,0.0273972602739726,0.0684931506849315,0.0,0.0
prototype_branchwise_max_negative_cleanup_support_agree_mix,round11_feature_cache_seed316_metadata,1.5,large_gap_control,970,0.004123711340206186,0.0,1.0,0.0,0.9979381443298969,0.9979381443298969,0.9989690721649485,0.0,0.0
prototype_branchwise_max_negative_cleanup_support_agree_mix,round11_feature_cache_seed316_metadata,2.0,overall,4339,0.02005070292694169,0.0,1.0,0.0,0.9624337404932012,0.9624337404932012,0.9668126296381655,0.0,0.0
prototype_branchwise_max_negative_cleanup_support_agree_mix,round11_feature_cache_seed316_metadata,2.0,stable_positive_v2,3,0.0,0.0,0.0,0.0,0.0,0.0,1.0,0.0,0.0
prototype_branchwise_max_negative_cleanup_support_agree_mix,round11_feature_cache_seed316_metadata,2.0,hard_near_tie,657,0.0258751902587519,0.0,1.0,0.0,0.8919330289193302,0.8919330289193302,0.893455098934551,0.0,0.0
prototype_branchwise_max_negative_cleanup_support_agree_mix,round11_feature_cache_seed316_metadata,2.0,high_headroom_near_tie,35,0.0,0.0,0.0,0.0,0.0,0.0,0.08571428571428572,0.0,0.0
prototype_branchwise_max_negative_cleanup_support_agree_mix,round11_feature_cache_seed316_metadata,2.0,baseline_error_near_tie,73,0.0,0.0,0.0,0.0,0.0273972602739726,0.0273972602739726,0.0684931506849315,0.0,0.0
prototype_branchwise_max_negative_cleanup_support_agree_mix,round11_feature_cache_seed316_metadata,2.0,large_gap_control,970,0.008247422680412371,0.0,1.0,0.0,0.9979381443298969,0.9979381443298969,0.9989690721649485,0.0,0.0
prototype_branchwise_max_negative_cleanup_support_agree_mix_hybrid,round11_feature_cache_seed315_metadata,0.1,overall,4344,0.0011510128913443832,0.0,1.0,0.0,0.9680018416206262,0.9677716390423573,0.9525782688766115,-0.0024998455855508315,-0.00023020257826887662
prototype_branchwise_max_negative_cleanup_support_agree_mix_hybrid,round11_feature_cache_seed315_metadata,0.1,stable_positive_v2,1,0.0,0.0,0.0,0.0,0.0,0.0,1.0,0.0,0.0
prototype_branchwise_max_negative_cleanup_support_agree_mix_hybrid,round11_feature_cache_seed315_metadata,0.1,hard_near_tie,832,0.003605769230769231,0.0,1.0,0.0,0.9158653846153846,0.9158653846153846,0.8930288461538461,0.0,0.0
prototype_branchwise_max_negative_cleanup_support_agree_mix_hybrid,round11_feature_cache_seed315_metadata,0.1,high_headroom_near_tie,35,0.08571428571428572,0.0,1.0,0.0,0.0,0.0,0.02857142857142857,0.0,0.0
prototype_branchwise_max_negative_cleanup_support_agree_mix_hybrid,round11_feature_cache_seed315_metadata,0.1,baseline_error_near_tie,71,0.04225352112676056,0.0,1.0,0.0,0.014084507042253521,0.014084507042253521,0.028169014084507043,0.0,0.0
prototype_branchwise_max_negative_cleanup_support_agree_mix_hybrid,round11_feature_cache_seed315_metadata,0.1,large_gap_control,951,0.0010515247108307045,0.0,1.0,0.0,0.9978969505783386,0.9978969505783386,0.9936908517350158,0.0,0.0
prototype_branchwise_max_negative_cleanup_support_agree_mix_hybrid,round11_feature_cache_seed315_metadata,0.25,overall,4344,0.0025322283609576428,0.09090909090909091,0.9090909090909091,0.0,0.9682320441988951,0.9677716390423573,0.9525782688766115,-0.0041297294377841565,-0.00046040515653775324
prototype_branchwise_max_negative_cleanup_support_agree_mix_hybrid,round11_feature_cache_seed315_metadata,0.25,stable_positive_v2,1,1.0,1.0,0.0,0.0,1.0,0.0,1.0,-7.0802154541015625,-1.0
prototype_branchwise_max_negative_cleanup_support_agree_mix_hybrid,round11_feature_cache_seed315_metadata,0.25,hard_near_tie,832,0.008413461538461538,0.14285714285714285,0.8571428571428571,0.0,0.9170673076923077,0.9158653846153846,0.8930288461538461,-0.00850987434387207,-0.001201923076923077
prototype_branchwise_max_negative_cleanup_support_agree_mix_hybrid,round11_feature_cache_seed315_metadata,0.25,high_headroom_near_tie,35,0.2,0.14285714285714285,0.8571428571428571,0.0,0.02857142857142857,0.0,0.02857142857142857,-0.2022918701171875,-0.02857142857142857
prototype_branchwise_max_negative_cleanup_support_agree_mix_hybrid,round11_feature_cache_seed315_metadata,0.25,baseline_error_near_tie,71,0.09859154929577464,0.14285714285714285,0.8571428571428571,0.0,0.028169014084507043,0.014084507042253521,0.028169014084507043,-0.09972134442396567,-0.014084507042253521
prototype_branchwise_max_negative_cleanup_support_agree_mix_hybrid,round11_feature_cache_seed315_metadata,0.25,large_gap_control,951,0.002103049421661409,0.0,1.0,0.0,0.9978969505783386,0.9978969505783386,0.9936908517350158,0.0,0.0
prototype_branchwise_max_negative_cleanup_support_agree_mix_hybrid,round11_feature_cache_seed315_metadata,0.5,overall,4344,0.0050644567219152855,0.045454545454545456,0.9545454545454546,0.0,0.9682320441988951,0.9677716390423573,0.9525782688766115,-0.0041297294377841565,-0.00046040515653775324
prototype_branchwise_max_negative_cleanup_support_agree_mix_hybrid,round11_feature_cache_seed315_metadata,0.5,stable_positive_v2,1,1.0,1.0,0.0,0.0,1.0,0.0,1.0,-7.0802154541015625,-1.0
prototype_branchwise_max_negative_cleanup_support_agree_mix_hybrid,round11_feature_cache_seed315_metadata,0.5,hard_near_tie,832,0.016826923076923076,0.07142857142857142,0.9285714285714286,0.0,0.9170673076923077,0.9158653846153846,0.8930288461538461,-0.00850987434387207,-0.001201923076923077
prototype_branchwise_max_negative_cleanup_support_agree_mix_hybrid,round11_feature_cache_seed315_metadata,0.5,high_headroom_near_tie,35,0.3142857142857143,0.09090909090909091,0.9090909090909091,0.0,0.02857142857142857,0.0,0.02857142857142857,-0.2022918701171875,-0.02857142857142857
prototype_branchwise_max_negative_cleanup_support_agree_mix_hybrid,round11_feature_cache_seed315_metadata,0.5,baseline_error_near_tie,71,0.15492957746478872,0.09090909090909091,0.9090909090909091,0.0,0.028169014084507043,0.014084507042253521,0.028169014084507043,-0.09972134442396567,-0.014084507042253521
prototype_branchwise_max_negative_cleanup_support_agree_mix_hybrid,round11_feature_cache_seed315_metadata,0.5,large_gap_control,951,0.002103049421661409,0.0,1.0,0.0,0.9978969505783386,0.9978969505783386,0.9936908517350158,0.0,0.0
prototype_branchwise_max_negative_cleanup_support_agree_mix_hybrid,round11_feature_cache_seed315_metadata,0.75,overall,4344,0.007596685082872928,0.030303030303030304,0.9696969696969697,0.0,0.9682320441988951,0.9677716390423573,0.9525782688766115,-0.0041297294377841565,-0.00046040515653775324
prototype_branchwise_max_negative_cleanup_support_agree_mix_hybrid,round11_feature_cache_seed315_metadata,0.75,stable_positive_v2,1,1.0,1.0,0.0,0.0,1.0,0.0,1.0,-7.0802154541015625,-1.0
prototype_branchwise_max_negative_cleanup_support_agree_mix_hybrid,round11_feature_cache_seed315_metadata,0.75,hard_near_tie,832,0.028846153846153848,0.041666666666666664,0.9583333333333334,0.0,0.9170673076923077,0.9158653846153846,0.8930288461538461,-0.00850987434387207,-0.001201923076923077
prototype_branchwise_max_negative_cleanup_support_agree_mix_hybrid,round11_feature_cache_seed315_metadata,0.75,high_headroom_near_tie,35,0.34285714285714286,0.08333333333333333,0.9166666666666666,0.0,0.02857142857142857,0.0,0.02857142857142857,-0.2022918701171875,-0.02857142857142857
prototype_branchwise_max_negative_cleanup_support_agree_mix_hybrid,round11_feature_cache_seed315_metadata,0.75,baseline_error_near_tie,71,0.18309859154929578,0.07692307692307693,0.9230769230769231,0.0,0.028169014084507043,0.014084507042253521,0.028169014084507043,-0.09972134442396567,-0.014084507042253521
prototype_branchwise_max_negative_cleanup_support_agree_mix_hybrid,round11_feature_cache_seed315_metadata,0.75,large_gap_control,951,0.002103049421661409,0.0,1.0,0.0,0.9978969505783386,0.9978969505783386,0.9936908517350158,0.0,0.0
prototype_branchwise_max_negative_cleanup_support_agree_mix_hybrid,round11_feature_cache_seed315_metadata,1.0,overall,4344,0.010128913443830571,0.022727272727272728,0.9772727272727273,0.0,0.9682320441988951,0.9677716390423573,0.9525782688766115,-0.0041297294377841565,-0.00046040515653775324
prototype_branchwise_max_negative_cleanup_support_agree_mix_hybrid,round11_feature_cache_seed315_metadata,1.0,stable_positive_v2,1,1.0,1.0,0.0,0.0,1.0,0.0,1.0,-7.0802154541015625,-1.0
prototype_branchwise_max_negative_cleanup_support_agree_mix_hybrid,round11_feature_cache_seed315_metadata,1.0,hard_near_tie,832,0.037259615384615384,0.03225806451612903,0.967741935483871,0.0,0.9170673076923077,0.9158653846153846,0.8930288461538461,-0.00850987434387207,-0.001201923076923077
prototype_branchwise_max_negative_cleanup_support_agree_mix_hybrid,round11_feature_cache_seed315_metadata,1.0,high_headroom_near_tie,35,0.37142857142857144,0.07692307692307693,0.9230769230769231,0.0,0.02857142857142857,0.0,0.02857142857142857,-0.2022918701171875,-0.02857142857142857
prototype_branchwise_max_negative_cleanup_support_agree_mix_hybrid,round11_feature_cache_seed315_metadata,1.0,baseline_error_near_tie,71,0.19718309859154928,0.07142857142857142,0.9285714285714286,0.0,0.028169014084507043,0.014084507042253521,0.028169014084507043,-0.09972134442396567,-0.014084507042253521
prototype_branchwise_max_negative_cleanup_support_agree_mix_hybrid,round11_feature_cache_seed315_metadata,1.0,large_gap_control,951,0.002103049421661409,0.0,1.0,0.0,0.9978969505783386,0.9978969505783386,0.9936908517350158,0.0,0.0
prototype_branchwise_max_negative_cleanup_support_agree_mix_hybrid,round11_feature_cache_seed315_metadata,1.5,overall,4344,0.015193370165745856,0.015151515151515152,0.9848484848484849,0.0,0.9682320441988951,0.9677716390423573,0.9525782688766115,-0.0041297294377841565,-0.00046040515653775324
prototype_branchwise_max_negative_cleanup_support_agree_mix_hybrid,round11_feature_cache_seed315_metadata,1.5,stable_positive_v2,1,1.0,1.0,0.0,0.0,1.0,0.0,1.0,-7.0802154541015625,-1.0
prototype_branchwise_max_negative_cleanup_support_agree_mix_hybrid,round11_feature_cache_seed315_metadata,1.5,hard_near_tie,832,0.04807692307692308,0.025,0.975,0.0,0.9170673076923077,0.9158653846153846,0.8930288461538461,-0.00850987434387207,-0.001201923076923077
prototype_branchwise_max_negative_cleanup_support_agree_mix_hybrid,round11_feature_cache_seed315_metadata,1.5,high_headroom_near_tie,35,0.45714285714285713,0.0625,0.9375,0.0,0.02857142857142857,0.0,0.02857142857142857,-0.2022918701171875,-0.02857142857142857
prototype_branchwise_max_negative_cleanup_support_agree_mix_hybrid,round11_feature_cache_seed315_metadata,1.5,baseline_error_near_tie,71,0.23943661971830985,0.058823529411764705,0.9411764705882353,0.0,0.028169014084507043,0.014084507042253521,0.028169014084507043,-0.09972134442396567,-0.014084507042253521
prototype_branchwise_max_negative_cleanup_support_agree_mix_hybrid,round11_feature_cache_seed315_metadata,1.5,large_gap_control,951,0.002103049421661409,0.0,1.0,0.0,0.9978969505783386,0.9978969505783386,0.9936908517350158,0.0,0.0
prototype_branchwise_max_negative_cleanup_support_agree_mix_hybrid,round11_feature_cache_seed315_metadata,2.0,overall,4344,0.020027624309392266,0.011494252873563218,0.9885057471264368,0.022988505747126436,0.9677716390423573,0.9677716390423573,0.9525782688766115,-0.0003558869300406721,-0.00046040515653775324
prototype_branchwise_max_negative_cleanup_support_agree_mix_hybrid,round11_feature_cache_seed315_metadata,2.0,stable_positive_v2,1,1.0,1.0,0.0,0.0,1.0,0.0,1.0,-7.0802154541015625,-1.0
prototype_branchwise_max_negative_cleanup_support_agree_mix_hybrid,round11_feature_cache_seed315_metadata,2.0,hard_near_tie,832,0.05889423076923077,0.02040816326530612,0.9795918367346939,0.0,0.9170673076923077,0.9158653846153846,0.8930288461538461,-0.00850987434387207,-0.001201923076923077
prototype_branchwise_max_negative_cleanup_support_agree_mix_hybrid,round11_feature_cache_seed315_metadata,2.0,high_headroom_near_tie,35,0.45714285714285713,0.0625,0.9375,0.0,0.02857142857142857,0.0,0.02857142857142857,-0.2022918701171875,-0.02857142857142857
prototype_branchwise_max_negative_cleanup_support_agree_mix_hybrid,round11_feature_cache_seed315_metadata,2.0,baseline_error_near_tie,71,0.23943661971830985,0.058823529411764705,0.9411764705882353,0.0,0.028169014084507043,0.014084507042253521,0.028169014084507043,-0.09972134442396567,-0.014084507042253521
prototype_branchwise_max_negative_cleanup_support_agree_mix_hybrid,round11_feature_cache_seed315_metadata,2.0,large_gap_control,951,0.004206098843322818,0.0,1.0,0.25,0.9968454258675079,0.9978969505783386,0.9936908517350158,0.008974175598593792,0.0
prototype_branchwise_max_negative_cleanup_support_agree_mix_hybrid,round11_feature_cache_seed316_metadata,0.1,overall,4339,0.00115233924867481,0.0,1.0,0.0,0.963586079741876,0.9624337404932012,0.9668126296381655,-0.008685448499944634,0.0
prototype_branchwise_max_negative_cleanup_support_agree_mix_hybrid,round11_feature_cache_seed316_metadata,0.1,stable_positive_v2,3,0.0,0.0,0.0,0.0,0.0,0.0,1.0,0.0,0.0
prototype_branchwise_max_negative_cleanup_support_agree_mix_hybrid,round11_feature_cache_seed316_metadata,0.1,hard_near_tie,657,0.0,0.0,0.0,0.0,0.8919330289193302,0.8919330289193302,0.893455098934551,0.0,0.0
prototype_branchwise_max_negative_cleanup_support_agree_mix_hybrid,round11_feature_cache_seed316_metadata,0.1,high_headroom_near_tie,35,0.0,0.0,0.0,0.0,0.0,0.0,0.08571428571428572,0.0,0.0
prototype_branchwise_max_negative_cleanup_support_agree_mix_hybrid,round11_feature_cache_seed316_metadata,0.1,baseline_error_near_tie,73,0.0,0.0,0.0,0.0,0.0273972602739726,0.0273972602739726,0.0684931506849315,0.0,0.0
prototype_branchwise_max_negative_cleanup_support_agree_mix_hybrid,round11_feature_cache_seed316_metadata,0.1,large_gap_control,970,0.002061855670103093,0.0,1.0,0.0,1.0,0.9979381443298969,0.9989690721649485,-0.012960833126736671,0.0
prototype_branchwise_max_negative_cleanup_support_agree_mix_hybrid,round11_feature_cache_seed316_metadata,0.25,overall,4339,0.002535146347084582,0.0,1.0,0.0,0.964047015441346,0.9624337404932012,0.9668126296381655,-0.011907294863076439,0.0
prototype_branchwise_max_negative_cleanup_support_agree_mix_hybrid,round11_feature_cache_seed316_metadata,0.25,stable_positive_v2,3,0.0,0.0,0.0,0.0,0.0,0.0,1.0,0.0,0.0
prototype_branchwise_max_negative_cleanup_support_agree_mix_hybrid,round11_feature_cache_seed316_metadata,0.25,hard_near_tie,657,0.0,0.0,0.0,0.0,0.8919330289193302,0.8919330289193302,0.893455098934551,0.0,0.0
prototype_branchwise_max_negative_cleanup_support_agree_mix_hybrid,round11_feature_cache_seed316_metadata,0.25,high_headroom_near_tie,35,0.0,0.0,0.0,0.0,0.0,0.0,0.08571428571428572,0.0,0.0
prototype_branchwise_max_negative_cleanup_support_agree_mix_hybrid,round11_feature_cache_seed316_metadata,0.25,baseline_error_near_tie,73,0.0,0.0,0.0,0.0,0.0273972602739726,0.0273972602739726,0.0684931506849315,0.0,0.0
prototype_branchwise_max_negative_cleanup_support_agree_mix_hybrid,round11_feature_cache_seed316_metadata,0.25,large_gap_control,970,0.002061855670103093,0.0,1.0,0.0,1.0,0.9979381443298969,0.9989690721649485,-0.012960833126736671,0.0
prototype_branchwise_max_negative_cleanup_support_agree_mix_hybrid,round11_feature_cache_seed316_metadata,0.5,overall,4339,0.005070292694169164,0.045454545454545456,0.9545454545454546,0.0,0.9654298225397557,0.9624337404932012,0.9668126296381655,-0.017794931064033376,0.0
prototype_branchwise_max_negative_cleanup_support_agree_mix_hybrid,round11_feature_cache_seed316_metadata,0.5,stable_positive_v2,3,0.3333333333333333,1.0,0.0,0.0,0.3333333333333333,0.0,1.0,-1.159589131673177,0.0
prototype_branchwise_max_negative_cleanup_support_agree_mix_hybrid,round11_feature_cache_seed316_metadata,0.5,hard_near_tie,657,0.0045662100456621,0.3333333333333333,0.6666666666666666,0.0,0.893455098934551,0.8919330289193302,0.893455098934551,-0.005294927541886653,0.0
prototype_branchwise_max_negative_cleanup_support_agree_mix_hybrid,round11_feature_cache_seed316_metadata,0.5,high_headroom_near_tie,35,0.08571428571428572,0.3333333333333333,0.6666666666666666,0.0,0.02857142857142857,0.0,0.08571428571428572,-0.09939335414341517,0.0
prototype_branchwise_max_negative_cleanup_support_agree_mix_hybrid,round11_feature_cache_seed316_metadata,0.5,baseline_error_near_tie,73,0.0410958904109589,0.3333333333333333,0.6666666666666666,0.0,0.0410958904109589,0.0273972602739726,0.0684931506849315,-0.04765434787697988,0.0
prototype_branchwise_max_negative_cleanup_support_agree_mix_hybrid,round11_feature_cache_seed316_metadata,0.5,large_gap_control,970,0.002061855670103093,0.0,1.0,0.0,1.0,0.9979381443298969,0.9989690721649485,-0.012960833126736671,0.0
prototype_branchwise_max_negative_cleanup_support_agree_mix_hybrid,round11_feature_cache_seed316_metadata,0.75,overall,4339,0.0076054390412537455,0.030303030303030304,0.9696969696969697,0.0,0.9665821617884305,0.9624337404932012,0.9668126296381655,-0.0219460707376783,0.0
prototype_branchwise_max_negative_cleanup_support_agree_mix_hybrid,round11_feature_cache_seed316_metadata,0.75,stable_positive_v2,3,0.3333333333333333,1.0,0.0,0.0,0.3333333333333333,0.0,1.0,-1.159589131673177,0.0
prototype_branchwise_max_negative_cleanup_support_agree_mix_hybrid,round11_feature_cache_seed316_metadata,0.75,hard_near_tie,657,0.0106544901065449,0.14285714285714285,0.8571428571428571,0.0,0.893455098934551,0.8919330289193302,0.893455098934551,-0.005294927541886653,0.0
prototype_branchwise_max_negative_cleanup_support_agree_mix_hybrid,round11_feature_cache_seed316_metadata,0.75,high_headroom_near_tie,35,0.2,0.14285714285714285,0.8571428571428571,0.0,0.02857142857142857,0.0,0.08571428571428572,-0.09939335414341517,0.0
prototype_branchwise_max_negative_cleanup_support_agree_mix_hybrid,round11_feature_cache_seed316_metadata,0.75,baseline_error_near_tie,73,0.0958904109589041,0.14285714285714285,0.8571428571428571,0.0,0.0410958904109589,0.0273972602739726,0.0684931506849315,-0.04765434787697988,0.0
prototype_branchwise_max_negative_cleanup_support_agree_mix_hybrid,round11_feature_cache_seed316_metadata,0.75,large_gap_control,970,0.002061855670103093,0.0,1.0,0.0,1.0,0.9979381443298969,0.9989690721649485,-0.012960833126736671,0.0
prototype_branchwise_max_negative_cleanup_support_agree_mix_hybrid,round11_feature_cache_seed316_metadata,1.0,overall,4339,0.010140585388338327,0.022727272727272728,0.9772727272727273,0.0,0.9672735653376354,0.9624337404932012,0.9668126296381655,-0.024217843844555963,0.0
prototype_branchwise_max_negative_cleanup_support_agree_mix_hybrid,round11_feature_cache_seed316_metadata,1.0,stable_positive_v2,3,0.3333333333333333,1.0,0.0,0.0,0.3333333333333333,0.0,1.0,-1.159589131673177,0.0
prototype_branchwise_max_negative_cleanup_support_agree_mix_hybrid,round11_feature_cache_seed316_metadata,1.0,hard_near_tie,657,0.015220700152207,0.1,0.9,0.0,0.893455098934551,0.8919330289193302,0.893455098934551,-0.005294927541886653,0.0
prototype_branchwise_max_negative_cleanup_support_agree_mix_hybrid,round11_feature_cache_seed316_metadata,1.0,high_headroom_near_tie,35,0.2857142857142857,0.1,0.9,0.0,0.02857142857142857,0.0,0.08571428571428572,-0.09939335414341517,0.0
prototype_branchwise_max_negative_cleanup_support_agree_mix_hybrid,round11_feature_cache_seed316_metadata,1.0,baseline_error_near_tie,73,0.136986301369863,0.1,0.9,0.0,0.0410958904109589,0.0273972602739726,0.0684931506849315,-0.04765434787697988,0.0
prototype_branchwise_max_negative_cleanup_support_agree_mix_hybrid,round11_feature_cache_seed316_metadata,1.0,large_gap_control,970,0.002061855670103093,0.0,1.0,0.0,1.0,0.9979381443298969,0.9989690721649485,-0.012960833126736671,0.0
prototype_branchwise_max_negative_cleanup_support_agree_mix_hybrid,round11_feature_cache_seed316_metadata,1.5,overall,4339,0.015210878082507491,0.015151515151515152,0.9848484848484849,0.0,0.9681954367365753,0.9624337404932012,0.9668126296381655,-0.02637525559790427,0.0
prototype_branchwise_max_negative_cleanup_support_agree_mix_hybrid,round11_feature_cache_seed316_metadata,1.5,stable_positive_v2,3,0.3333333333333333,1.0,0.0,0.0,0.3333333333333333,0.0,1.0,-1.159589131673177,0.0
prototype_branchwise_max_negative_cleanup_support_agree_mix_hybrid,round11_feature_cache_seed316_metadata,1.5,hard_near_tie,657,0.0289193302891933,0.05263157894736842,0.9473684210526315,0.0,0.893455098934551,0.8919330289193302,0.893455098934551,-0.005294927541886653,0.0
prototype_branchwise_max_negative_cleanup_support_agree_mix_hybrid,round11_feature_cache_seed316_metadata,1.5,high_headroom_near_tie,35,0.5428571428571428,0.05263157894736842,0.9473684210526315,0.0,0.02857142857142857,0.0,0.08571428571428572,-0.09939335414341517,0.0
prototype_branchwise_max_negative_cleanup_support_agree_mix_hybrid,round11_feature_cache_seed316_metadata,1.5,baseline_error_near_tie,73,0.2602739726027397,0.05263157894736842,0.9473684210526315,0.0,0.0410958904109589,0.0273972602739726,0.0684931506849315,-0.04765434787697988,0.0
prototype_branchwise_max_negative_cleanup_support_agree_mix_hybrid,round11_feature_cache_seed316_metadata,1.5,large_gap_control,970,0.002061855670103093,0.0,1.0,0.0,1.0,0.9979381443298969,0.9989690721649485,-0.012960833126736671,0.0
prototype_branchwise_max_negative_cleanup_support_agree_mix_hybrid,round11_feature_cache_seed316_metadata,2.0,overall,4339,0.02005070292694169,0.022988505747126436,0.9770114942528736,0.0,0.96934777598525,0.9624337404932012,0.9668126296381655,-0.028956270404718088,0.0
prototype_branchwise_max_negative_cleanup_support_agree_mix_hybrid,round11_feature_cache_seed316_metadata,2.0,stable_positive_v2,3,0.6666666666666666,1.0,0.0,0.0,0.6666666666666666,0.0,1.0,-2.07893435160319,0.0
prototype_branchwise_max_negative_cleanup_support_agree_mix_hybrid,round11_feature_cache_seed316_metadata,2.0,hard_near_tie,657,0.0441400304414003,0.06896551724137931,0.9310344827586207,0.0,0.8949771689497716,0.8919330289193302,0.893455098934551,-0.009492850920562512,0.0
prototype_branchwise_max_negative_cleanup_support_agree_mix_hybrid,round11_feature_cache_seed316_metadata,2.0,high_headroom_near_tie,35,0.8285714285714286,0.06896551724137931,0.9310344827586207,0.0,0.05714285714285714,0.0,0.08571428571428572,-0.17819437299455915,0.0
prototype_branchwise_max_negative_cleanup_support_agree_mix_hybrid,round11_feature_cache_seed316_metadata,2.0,baseline_error_near_tie,73,0.3972602739726027,0.06896551724137931,0.9310344827586207,0.0,0.0547945205479452,0.0273972602739726,0.0684931506849315,-0.08543565828506261,0.0
prototype_branchwise_max_negative_cleanup_support_agree_mix_hybrid,round11_feature_cache_seed316_metadata,2.0,large_gap_control,970,0.002061855670103093,0.0,1.0,0.0,1.0,0.9979381443298969,0.9989690721649485,-0.012960833126736671,0.0
