suite,episode_index,decision_index,packet_count,packet_priority,packet_deadline,candidate_degree,best_candidate_slack,best_candidate_slack_ratio,feasible_candidate_fraction,any_feasible_candidate,max_candidate_path_length,target_next_hop,base_predicted_next_hop,best_candidate_cost,second_best_candidate_cost,oracle_action_gap,oracle_action_gap_ratio,model_top1_score,model_top2_score,base_model_margin,predicted_score,target_score,base_predicted_cost_to_go,predicted_slack,base_predicted_on_time,base_predicted_continuation_gap,strictly_suboptimal,base_target_match,max_tree_depth,hub_asymmetry,mean_queue,p90_queue,max_queue,deadline_miss,regret,solved,slack_band,packet_band,load_percentile,load_band,depth_band,hard_condition_count,hard_feasible_case,large_gap_hard_feasible_case,oracle_near_tie_case,model_near_tie_case,hard_near_tie_intersection_case,baseline_error_hard_near_tie_case,gap_bucket,baseline_error,depth_load_regime,critical_packet_proxy,perturb_flip_rate,effective_tie_under_perturbation,stable_near_tie_case,high_headroom_near_tie_case,decodable_near_tie_case,weakly_decodable_near_tie_case,compute_predicted_next_hop,compute_target_match,compute_predicted_continuation_gap,compute_predicted_on_time,compute_predicted_cost_to_go,compute_model_margin,action_changed,delta_regret,delta_cost_to_go,delta_miss,helpful_compute,harmful_compute,neutral_compute,helpfulness,compute_recovers_baseline_error,compute_breaks_baseline_success,teacher_next_hop,source_name,seed,teacher_regret_gain,teacher_miss_gain,stable_positive_teacher_case,unstable_positive_teacher_case,harmful_teacher_case,neutral_teacher_case,stable_positive_family,stable_positive_signature,signature_fine,signature_coarse,available_teacher_count,positive_teacher_count,harmful_teacher_count,safe_positive_teacher_count,safe_harmful_teacher_count,positive_teacher_names,harmful_teacher_names,safe_positive_teacher_names,safe_harmful_teacher_names,best_safe_teacher_name,best_safe_teacher_action,best_safe_teacher_gain,best_safe_teacher_target_match,best_safe_teacher_helpful,best_safe_teacher_delta_regret,best_safe_teacher_delta_miss,committee_action,committee_support,committee_mean_gain,stable_positive_v2_case,stable_positive_v2_committee_case,stable_positive_v2_strict_case,unstable_positive_v2_case,harmful_teacher_bank_case
a1_multiheavy_ood_deeper_packets6_round9_eval_seed314,0,44,6,2.0,34.49333243052007,5,8.691760063171387,0.2519837734054603,1.0,True,9,1,0,25.801572799682617,26.66822624206543,0.8666534423828125,0.0335891710598926,2.3565032482147217,2.171921968460083,0.1845812797546386,2.3565032482147217,2.171921968460083,26.66822624206543,7.825106143951416,True,0.8666534423828125,True,False,4,1.7334859371185305,2.108258008956909,3.572575330734253,4.033788204193115,True,1.504192350946596,True,loose,5+,0.2753968253968254,low_load,4,2,True,False,True,True,True,True,near_tie,True,d4_low_load,False,0.09375,False,True,False,False,True,1,True,0.0,True,25.801572799682617,0.3273347318172455,True,-0.8666534423828125,-0.8666534423828125,0,True,False,False,helpful,True,False,1,reports/plots/round10_helpfulness_seed314_decisions.csv,314,0.8666534423828125,0.0,True,False,False,False,baseline_error,a1_multiheavy_ood_deeper_packets6_round9_eval_seed314|d4_low_load|loose|5+|low_load|4|near_tie|False|0|1,a1_multiheavy_ood_deeper_packets6_round9_eval_seed314|d4_low_load|loose|5+|low_load|4|near_tie|False|0|1,d4_low_load|loose|5+|low_load|4|near_tie|0|1,7,7,0,6,0,"compute5,fixed_final,fixed_middle,learnedgate,margin050,margin100,risktight",,"compute5,fixed_final,fixed_middle,margin050,margin100,risktight",,compute5,1,0.8666534423828125,1.0,True,-0.8666534423828125,0.0,1,6,0.8666534423828125,True,True,True,False,False
a1_multiheavy_ood_deeper_packets6_round9_eval_seed314,1,74,3,1.0,31.054995992242333,5,11.225808143615724,0.3614815518385504,1.0,True,9,1,0,19.82918739318848,23.051393508911133,3.222206115722656,0.1624981423509829,2.5133955478668213,2.369992017745972,0.1434035301208496,2.5133955478668213,2.369992017745972,23.146076202392575,7.908920764923096,True,3.3168888092041016,True,False,4,1.6457054615020752,3.203343629837036,4.293825626373291,4.586916923522949,True,3.906234662627256,True,loose,3,0.8494708994708995,high_load,4,2,True,False,True,True,True,True,near_tie,True,d4_high_load,False,0.0,False,True,True,False,True,1,True,0.0,True,19.82918739318848,0.4498184621334076,True,-3.3168888092041016,-3.3168888092041016,0,True,False,False,helpful,True,False,1,reports/plots/round10_helpfulness_seed314_decisions.csv,314,3.3168888092041016,0.0,True,False,False,False,high_headroom+baseline_error,a1_multiheavy_ood_deeper_packets6_round9_eval_seed314|d4_high_load|loose|3|high_load|4|near_tie|False|1|1,a1_multiheavy_ood_deeper_packets6_round9_eval_seed314|d4_high_load|loose|3|high_load|4|near_tie|False|1|1,d4_high_load|loose|3|high_load|4|near_tie|1|1,7,7,0,6,0,"compute5,fixed_final,fixed_middle,learnedgate,margin050,margin100,risktight",,"compute5,fixed_final,fixed_middle,margin050,margin100,risktight",,compute5,1,3.3168888092041016,1.0,True,-3.3168888092041016,0.0,1,6,3.3168888092041016,True,True,True,False,False
a1_multiheavy_ood_deeper_packets6_round9_eval_seed314,1,84,3,1.0,32.68071769324709,5,11.841407775878906,0.3623362218365764,1.0,True,9,1,0,20.83930969238281,23.128995895385746,2.2896862030029297,0.109873418880082,3.5246870517730717,3.451324224472046,0.0733628273010253,3.5246870517730717,3.451324224472046,23.128995895385746,9.551722526550291,True,2.2896862030029297,True,False,4,1.6457054615020752,3.203343629837036,4.293825626373291,4.586916923522949,True,3.906234662627256,True,loose,3,0.8494708994708995,high_load,4,2,True,False,True,True,True,True,near_tie,True,d4_high_load,False,0.0,False,True,True,False,True,1,True,0.0,True,20.83930969238281,0.3647620677947998,True,-2.2896862030029297,-2.2896862030029297,0,True,False,False,helpful,True,False,1,reports/plots/round10_helpfulness_seed314_decisions.csv,314,2.2896862030029297,0.0,True,False,False,False,high_headroom+baseline_error,a1_multiheavy_ood_deeper_packets6_round9_eval_seed314|d4_high_load|loose|3|high_load|4|near_tie|False|1|1,a1_multiheavy_ood_deeper_packets6_round9_eval_seed314|d4_high_load|loose|3|high_load|4|near_tie|False|1|1,d4_high_load|loose|3|high_load|4|near_tie|1|1,7,7,0,6,0,"compute5,fixed_final,fixed_middle,learnedgate,margin050,margin100,risktight",,"compute5,fixed_final,fixed_middle,margin050,margin100,risktight",,compute5,1,2.2896862030029297,1.0,True,-2.2896862030029297,0.0,1,6,2.2896862030029297,True,True,True,False,False
a1_multiheavy_ood_deeper_packets6_round9_eval_seed314,4,214,6,1.0,38.2294202769692,5,12.464856147766112,0.3260540195864649,1.0,True,9,1,0,25.76456451416016,27.561691284179688,1.7971267700195312,0.0697518783611434,2.410881757736206,2.3591837882995605,0.0516979694366455,2.410881757736206,2.3591837882995605,27.561691284179688,10.667729377746582,True,1.7971267700195312,True,False,4,3.134959399700165,3.2189016342163086,4.070704936981201,4.44584321975708,True,8.939995694895657,True,loose,5+,0.8891534391534391,high_load,4,3,True,False,True,True,True,True,near_tie,True,d4_high_load,False,0.0,False,True,True,False,True,1,True,0.0,True,25.76456451416016,0.4568867683410644,True,-1.7971267700195312,-1.7971267700195312,0,True,False,False,helpful,True,False,1,reports/plots/round10_helpfulness_seed314_decisions.csv,314,1.7971267700195312,0.0,True,False,False,False,high_headroom+baseline_error,a1_multiheavy_ood_deeper_packets6_round9_eval_seed314|d4_high_load|loose|5+|high_load|4|near_tie|False|1|1,a1_multiheavy_ood_deeper_packets6_round9_eval_seed314|d4_high_load|loose|5+|high_load|4|near_tie|False|1|1,d4_high_load|loose|5+|high_load|4|near_tie|1|1,7,7,0,6,0,"compute5,fixed_final,fixed_middle,learnedgate,margin050,margin100,risktight",,"compute5,fixed_final,fixed_middle,margin050,margin100,risktight",,compute5,1,1.7971267700195312,1.0,True,-1.7971267700195312,0.0,1,6,1.7971267700195312,True,True,True,False,False
a1_multiheavy_ood_deeper_packets6_round9_eval_seed314,5,254,5,1.0,26.25215818488467,5,10.255977630615234,0.3906717900443083,1.0,True,9,1,0,15.996180534362791,17.745210647583008,1.7490301132202148,0.1093404834649728,2.569406032562256,2.3210065364837646,0.2483994960784912,2.569406032562256,2.3210065364837646,17.745210647583008,8.50694751739502,True,1.7490301132202148,True,False,4,0.5798769593238831,1.7771108150482178,4.258884429931641,4.501253604888916,True,2.030233150906241,True,loose,5+,0.114021164021164,low_load,4,2,True,False,True,True,True,True,near_tie,True,d4_low_load,False,0.0,False,True,True,False,True,1,True,0.0,True,15.996180534362791,0.3367524147033691,True,-1.7490301132202148,-1.7490301132202148,0,True,False,False,helpful,True,False,1,reports/plots/round10_helpfulness_seed314_decisions.csv,314,1.7490301132202148,0.0,True,False,False,False,high_headroom+baseline_error,a1_multiheavy_ood_deeper_packets6_round9_eval_seed314|d4_low_load|loose|5+|low_load|4|near_tie|False|1|1,a1_multiheavy_ood_deeper_packets6_round9_eval_seed314|d4_low_load|loose|5+|low_load|4|near_tie|False|1|1,d4_low_load|loose|5+|low_load|4|near_tie|1|1,7,7,0,6,0,"compute5,fixed_final,fixed_middle,learnedgate,margin050,margin100,risktight",,"compute5,fixed_final,fixed_middle,margin050,margin100,risktight",,compute5,1,1.7490301132202148,1.0,True,-1.7490301132202148,0.0,1,6,1.7490301132202148,True,True,True,False,False
a1_multiheavy_ood_deeper_packets6_round9_eval_seed314,6,294,3,2.0,34.787497470909955,5,15.119665145874023,0.4346292848031799,1.0,True,9,1,0,19.66783332824707,22.796239852905277,3.128406524658203,0.1590620823578551,2.3960366249084477,2.288503408432007,0.1075332164764404,2.3960366249084477,2.288503408432007,22.796239852905277,11.991257667541504,True,3.128406524658203,True,False,4,3.2249536514282227,3.148911952972412,4.436010360717773,4.825079917907715,True,5.391500666263667,True,loose,3,0.8335978835978836,high_load,4,2,True,False,True,True,True,True,near_tie,True,d4_high_load,False,0.0,False,True,True,False,True,1,True,0.0,True,19.66783332824707,0.4445771351456642,True,-3.128406524658203,-3.128406524658203,0,True,False,False,helpful,True,False,1,reports/plots/round10_helpfulness_seed314_decisions.csv,314,3.128406524658203,0.0,True,False,False,False,high_headroom+baseline_error,a1_multiheavy_ood_deeper_packets6_round9_eval_seed314|d4_high_load|loose|3|high_load|4|near_tie|False|1|1,a1_multiheavy_ood_deeper_packets6_round9_eval_seed314|d4_high_load|loose|3|high_load|4|near_tie|False|1|1,d4_high_load|loose|3|high_load|4|near_tie|1|1,7,7,0,6,0,"compute5,fixed_final,fixed_middle,learnedgate,margin050,margin100,risktight",,"compute5,fixed_final,fixed_middle,margin050,margin100,risktight",,compute5,1,3.128406524658203,1.0,True,-3.128406524658203,0.0,1,6,3.128406524658203,True,True,True,False,False
a1_multiheavy_ood_deeper_packets6_round9_eval_seed314,7,334,6,2.0,36.00135987096314,5,14.39084529876709,0.3997306032424073,1.0,True,9,1,0,21.61051368713379,24.003925323486328,2.393411636352539,0.1107521862276462,2.514970064163208,2.1547887325286865,0.3601813316345215,2.514970064163208,2.1547887325286865,24.003925323486328,11.99743366241455,True,2.393411636352539,True,False,4,2.3538421988487244,2.537522077560425,2.9958298206329346,3.3580825328826904,True,8.33561942673424,True,loose,5+,0.6034391534391534,mid_load,4,2,True,False,True,True,True,True,near_tie,True,d4_mid_load,False,0.0,False,True,True,False,True,1,True,0.0,True,21.61051368713379,0.2188316956162452,True,-2.393411636352539,-2.393411636352539,0,True,False,False,helpful,True,False,1,reports/plots/round10_helpfulness_seed314_decisions.csv,314,2.393411636352539,0.0,True,False,False,False,high_headroom+baseline_error,a1_multiheavy_ood_deeper_packets6_round9_eval_seed314|d4_mid_load|loose|5+|mid_load|4|near_tie|False|1|1,a1_multiheavy_ood_deeper_packets6_round9_eval_seed314|d4_mid_load|loose|5+|mid_load|4|near_tie|False|1|1,d4_mid_load|loose|5+|mid_load|4|near_tie|1|1,7,7,0,6,0,"compute5,fixed_final,fixed_middle,learnedgate,margin050,margin100,risktight",,"compute5,fixed_final,fixed_middle,margin050,margin100,risktight",,compute5,1,2.393411636352539,1.0,True,-2.393411636352539,0.0,1,6,2.393411636352539,True,True,True,False,False
a1_multiheavy_ood_deeper_packets6_round9_eval_seed314,14,574,6,1.0,26.640261750822845,5,9.396724700927734,0.3527264404839226,1.0,True,9,1,0,17.2435359954834,17.808683395385742,0.5651473999023438,0.0327744495125809,2.555438280105591,2.4085628986358643,0.1468753814697265,2.555438280105591,2.4085628986358643,17.808683395385742,8.831578254699707,True,0.5651473999023438,True,False,4,1.8520131707191467,1.513208031654358,3.1056058406829834,3.468151092529297,True,13.583313722797726,True,loose,5+,0.0161375661375661,low_load,4,2,True,False,True,True,True,True,near_tie,True,d4_low_load,False,0.0625,False,True,False,False,True,1,True,0.0,True,17.2435359954834,0.4532985687255859,True,-0.5651473999023438,-0.5651473999023438,0,True,False,False,helpful,True,False,1,reports/plots/round10_helpfulness_seed314_decisions.csv,314,0.5651473999023438,0.0,True,False,False,False,baseline_error,a1_multiheavy_ood_deeper_packets6_round9_eval_seed314|d4_low_load|loose|5+|low_load|4|near_tie|False|0|1,a1_multiheavy_ood_deeper_packets6_round9_eval_seed314|d4_low_load|loose|5+|low_load|4|near_tie|False|0|1,d4_low_load|loose|5+|low_load|4|near_tie|0|1,7,7,0,6,0,"compute5,fixed_final,fixed_middle,learnedgate,margin050,margin100,risktight",,"compute5,fixed_final,fixed_middle,margin050,margin100,risktight",,compute5,1,0.5651473999023438,1.0,True,-0.5651473999023438,0.0,1,6,0.5651473999023438,True,True,True,False,False
a1_multiheavy_ood_deeper_packets6_round9_eval_seed314,20,764,4,2.0,33.982186285646335,5,14.037328720092772,0.413079035059671,1.0,True,9,1,0,19.94485664367676,20.626379013061523,0.6815223693847656,0.0341703318083678,2.423815488815308,2.3916335105896,0.032181978225708,2.423815488815308,2.3916335105896,20.626379013061523,13.355807304382324,True,0.6815223693847656,True,False,4,1.6414248943328855,3.510178804397583,4.300690174102783,4.570690155029297,True,0.2580829272538381,True,loose,4,0.9632275132275132,high_load,4,2,True,False,True,True,True,True,near_tie,True,d4_high_load,False,0.15625,False,True,False,False,True,1,True,0.0,True,19.94485664367676,0.4948744773864746,True,-0.6815223693847656,-0.6815223693847656,0,True,False,False,helpful,True,False,1,reports/plots/round10_helpfulness_seed314_decisions.csv,314,0.6815223693847656,0.0,True,False,False,False,baseline_error,a1_multiheavy_ood_deeper_packets6_round9_eval_seed314|d4_high_load|loose|4|high_load|4|near_tie|False|0|1,a1_multiheavy_ood_deeper_packets6_round9_eval_seed314|d4_high_load|loose|4|high_load|4|near_tie|False|0|1,d4_high_load|loose|4|high_load|4|near_tie|0|1,7,7,0,6,0,"compute5,fixed_final,fixed_middle,learnedgate,margin050,margin100,risktight",,"compute5,fixed_final,fixed_middle,margin050,margin100,risktight",,compute5,1,0.6815223693847656,1.0,True,-0.6815223693847656,0.0,1,6,0.6815223693847656,True,True,True,False,False
a1_multiheavy_ood_deeper_packets6_round9_eval_seed314,21,804,6,2.0,28.75905194174321,5,9.22652816772461,0.3208217081152276,1.0,True,9,1,0,19.53252410888672,22.35815048217773,2.825626373291016,0.1446626333360284,3.826971054077149,3.803797960281372,0.0231730937957763,3.826971054077149,3.803797960281372,22.35815048217773,6.400901794433594,True,2.825626373291016,True,False,4,1.34152352809906,2.091037511825561,3.710726976394653,4.033210754394531,True,11.669910734507,True,loose,5+,0.2383597883597883,low_load,4,2,True,False,True,True,True,True,near_tie,True,d4_low_load,False,0.0,False,True,True,False,True,1,True,0.0,True,19.53252410888672,0.4275099039077759,True,-2.825626373291016,-2.825626373291016,0,True,False,False,helpful,True,False,1,reports/plots/round10_helpfulness_seed314_decisions.csv,314,2.825626373291016,0.0,True,False,False,False,high_headroom+baseline_error,a1_multiheavy_ood_deeper_packets6_round9_eval_seed314|d4_low_load|loose|5+|low_load|4|near_tie|False|1|1,a1_multiheavy_ood_deeper_packets6_round9_eval_seed314|d4_low_load|loose|5+|low_load|4|near_tie|False|1|1,d4_low_load|loose|5+|low_load|4|near_tie|1|1,7,7,0,6,0,"compute5,fixed_final,fixed_middle,learnedgate,margin050,margin100,risktight",,"compute5,fixed_final,fixed_middle,margin050,margin100,risktight",,compute5,1,2.825626373291016,1.0,True,-2.825626373291016,0.0,1,6,2.825626373291016,True,True,True,False,False
a1_multiheavy_ood_deeper_packets6_round9_eval_seed314,23,864,6,3.0,32.25921113145169,5,15.132997512817385,0.4691062484805525,1.0,True,9,1,0,17.12621307373047,19.511449813842773,2.3852367401123047,0.1392740315587319,2.490742444992065,2.366393804550171,0.1243486404418945,2.490742444992065,2.366393804550171,19.511449813842773,12.747760772705078,True,2.3852367401123047,True,False,4,0.7460681200027466,2.221510648727417,3.1512930393218994,3.544705390930176,True,2.14948427766268,True,loose,5+,0.3917989417989418,mid_load,4,2,True,False,True,True,True,True,near_tie,True,d4_mid_load,False,0.0,False,True,True,False,True,1,True,0.0,True,17.12621307373047,0.4727790355682373,True,-2.3852367401123047,-2.3852367401123047,0,True,False,False,helpful,True,False,1,reports/plots/round10_helpfulness_seed314_decisions.csv,314,2.3852367401123047,0.0,True,False,False,False,high_headroom+baseline_error,a1_multiheavy_ood_deeper_packets6_round9_eval_seed314|d4_mid_load|loose|5+|mid_load|4|near_tie|False|1|1,a1_multiheavy_ood_deeper_packets6_round9_eval_seed314|d4_mid_load|loose|5+|mid_load|4|near_tie|False|1|1,d4_mid_load|loose|5+|mid_load|4|near_tie|1|1,7,7,0,6,0,"compute5,fixed_final,fixed_middle,learnedgate,margin050,margin100,risktight",,"compute5,fixed_final,fixed_middle,margin050,margin100,risktight",,compute5,1,2.3852367401123047,1.0,True,-2.3852367401123047,0.0,1,6,2.3852367401123047,True,True,True,False,False
a1_multiheavy_ood_deeper_packets6_round9_eval_seed314,23,894,6,2.0,34.93184327358521,5,14.884002685546877,0.4260869536421478,1.0,True,9,1,0,20.047840118408203,22.320337295532227,2.2724971771240234,0.1133537160961985,2.540470838546753,2.337289571762085,0.2031812667846679,2.540470838546753,2.337289571762085,22.320337295532227,12.611505508422852,True,2.2724971771240234,True,False,4,0.7460681200027466,2.221510648727417,3.1512930393218994,3.544705390930176,True,2.14948427766268,True,loose,5+,0.3917989417989418,mid_load,4,2,True,False,True,True,True,True,near_tie,True,d4_mid_load,False,0.0,False,True,True,False,True,1,True,0.0,True,20.047840118408203,0.3701629638671875,True,-2.2724971771240234,-2.2724971771240234,0,True,False,False,helpful,True,False,1,reports/plots/round10_helpfulness_seed314_decisions.csv,314,2.2724971771240234,0.0,True,False,False,False,high_headroom+baseline_error,a1_multiheavy_ood_deeper_packets6_round9_eval_seed314|d4_mid_load|loose|5+|mid_load|4|near_tie|False|1|1,a1_multiheavy_ood_deeper_packets6_round9_eval_seed314|d4_mid_load|loose|5+|mid_load|4|near_tie|False|1|1,d4_mid_load|loose|5+|mid_load|4|near_tie|1|1,7,7,0,6,0,"compute5,fixed_final,fixed_middle,learnedgate,margin050,margin100,risktight",,"compute5,fixed_final,fixed_middle,margin050,margin100,risktight",,compute5,1,2.2724971771240234,1.0,True,-2.2724971771240234,0.0,1,6,2.2724971771240234,True,True,True,False,False
a1_multiheavy_ood_deeper_packets6_round9_eval_seed314,23,914,6,1.0,30.219021392825542,5,9.943684577941896,0.3290538250289825,0.8,True,9,1,0,20.27533721923828,21.206417083740234,0.9310798645019532,0.0459217942682845,3.554598331451416,3.416081666946411,0.1385166645050048,3.554598331451416,3.416081666946411,21.206417083740234,9.01260471343994,True,0.9310798645019532,True,False,4,0.7460681200027466,2.221510648727417,3.1512930393218994,3.544705390930176,True,2.14948427766268,True,loose,5+,0.3917989417989418,mid_load,4,2,True,False,True,True,True,True,near_tie,True,d4_mid_load,False,0.015625,False,True,False,False,True,1,True,0.0,True,20.27533721923828,0.2780971527099609,True,-0.9310798645019532,-0.9310798645019532,0,True,False,False,helpful,True,False,1,reports/plots/round10_helpfulness_seed314_decisions.csv,314,0.9310798645019532,0.0,True,False,False,False,baseline_error,a1_multiheavy_ood_deeper_packets6_round9_eval_seed314|d4_mid_load|loose|5+|mid_load|4|near_tie|False|0|1,a1_multiheavy_ood_deeper_packets6_round9_eval_seed314|d4_mid_load|loose|5+|mid_load|4|near_tie|False|0|1,d4_mid_load|loose|5+|mid_load|4|near_tie|0|1,7,7,0,6,0,"compute5,fixed_final,fixed_middle,learnedgate,margin050,margin100,risktight",,"compute5,fixed_final,fixed_middle,margin050,margin100,risktight",,compute5,1,0.9310798645019532,1.0,True,-0.9310798645019532,0.0,1,6,0.9310798645019532,True,True,True,False,False
a1_multiheavy_ood_deeper_packets6_round9_eval_seed314,30,1094,6,3.0,33.916499092260025,5,12.392410278320312,0.3653799952822473,1.0,True,9,1,0,21.524089813232425,25.00566291809082,3.4815731048583984,0.1617523962717356,3.4438443183898926,3.4396274089813232,0.0042169094085693,3.4438443183898926,3.4396274089813232,29.297754287719727,4.618745803833008,True,7.773664474487305,True,False,4,3.2478787302970886,2.478360176086426,4.622931480407715,4.921677589416504,True,29.277323519528863,True,loose,5+,0.53994708994709,mid_load,4,2,True,False,True,True,True,True,near_tie,True,d4_mid_load,False,0.0,False,True,True,False,True,1,True,0.0,True,21.524089813232425,0.4064315557479858,True,-7.773664474487305,-7.773664474487305,0,True,False,False,helpful,True,False,1,reports/plots/round10_helpfulness_seed314_decisions.csv,314,7.773664474487305,0.0,True,False,False,False,high_headroom+baseline_error,a1_multiheavy_ood_deeper_packets6_round9_eval_seed314|d4_mid_load|loose|5+|mid_load|4|near_tie|False|1|1,a1_multiheavy_ood_deeper_packets6_round9_eval_seed314|d4_mid_load|loose|5+|mid_load|4|near_tie|False|1|1,d4_mid_load|loose|5+|mid_load|4|near_tie|1|1,7,7,0,6,0,"compute5,fixed_final,fixed_middle,learnedgate,margin050,margin100,risktight",,"compute5,fixed_final,fixed_middle,margin050,margin100,risktight",,compute5,1,7.773664474487305,1.0,True,-7.773664474487305,0.0,1,6,7.773664474487305,True,True,True,False,False
a1_multiheavy_ood_deeper_packets6_round9_eval_seed314,30,1114,6,3.0,34.324215463878886,5,12.746149063110352,0.3713456779958677,1.0,True,9,1,0,21.578067779541016,22.347145080566406,0.7690773010253906,0.0356416204121196,2.1513776779174805,2.0280139446258545,0.1233637332916259,2.1513776779174805,2.0280139446258545,22.347145080566406,11.977070808410645,True,0.7690773010253906,True,False,4,3.2478787302970886,2.478360176086426,4.622931480407715,4.921677589416504,True,29.277323519528863,True,loose,5+,0.53994708994709,mid_load,4,2,True,False,True,True,True,True,near_tie,True,d4_mid_load,False,0.109375,False,True,False,False,True,1,True,0.0,True,21.578067779541016,0.3830374851822853,True,-0.7690773010253906,-0.7690773010253906,0,True,False,False,helpful,True,False,1,reports/plots/round10_helpfulness_seed314_decisions.csv,314,0.7690773010253906,0.0,True,False,False,False,baseline_error,a1_multiheavy_ood_deeper_packets6_round9_eval_seed314|d4_mid_load|loose|5+|mid_load|4|near_tie|False|0|1,a1_multiheavy_ood_deeper_packets6_round9_eval_seed314|d4_mid_load|loose|5+|mid_load|4|near_tie|False|0|1,d4_mid_load|loose|5+|mid_load|4|near_tie|0|1,7,7,0,6,0,"compute5,fixed_final,fixed_middle,learnedgate,margin050,margin100,risktight",,"compute5,fixed_final,fixed_middle,margin050,margin100,risktight",,compute5,1,0.7690773010253906,1.0,True,-0.7690773010253906,0.0,1,6,0.7690773010253906,True,True,True,False,False
a1_multiheavy_ood_deeper_packets6_round9_eval_seed314,30,1124,6,1.0,30.1393531708799,5,9.250940322875977,0.3069389137326964,1.0,True,9,1,0,20.888412475585938,23.608264923095703,2.7198524475097656,0.1302086719461657,2.578315019607544,2.2153313159942627,0.3629837036132812,2.578315019607544,2.2153313159942627,23.608264923095703,6.531088352203369,True,2.7198524475097656,True,False,4,3.2478787302970886,2.478360176086426,4.622931480407715,4.921677589416504,True,29.277323519528863,True,loose,5+,0.53994708994709,mid_load,4,2,True,False,True,True,True,True,near_tie,True,d4_mid_load,False,0.0,False,True,True,False,True,1,True,0.0,True,20.888412475585938,0.2058253288269043,True,-2.7198524475097656,-2.7198524475097656,0,True,False,False,helpful,True,False,1,reports/plots/round10_helpfulness_seed314_decisions.csv,314,2.7198524475097656,0.0,True,False,False,False,high_headroom+baseline_error,a1_multiheavy_ood_deeper_packets6_round9_eval_seed314|d4_mid_load|loose|5+|mid_load|4|near_tie|False|1|1,a1_multiheavy_ood_deeper_packets6_round9_eval_seed314|d4_mid_load|loose|5+|mid_load|4|near_tie|False|1|1,d4_mid_load|loose|5+|mid_load|4|near_tie|1|1,7,7,0,6,0,"compute5,fixed_final,fixed_middle,learnedgate,margin050,margin100,risktight",,"compute5,fixed_final,fixed_middle,margin050,margin100,risktight",,compute5,1,2.7198524475097656,1.0,True,-2.7198524475097656,0.0,1,6,2.7198524475097656,True,True,True,False,False
a1_multiheavy_ood_deeper_packets6_round9_eval_seed314,30,1134,6,1.0,38.95463709866766,5,15.3100004196167,0.3930212565153209,1.0,True,9,1,0,23.644636154174805,26.669137954711918,3.0245018005371094,0.1279149224718812,2.413109302520752,2.2610971927642822,0.1520121097564697,2.413109302520752,2.2610971927642822,26.669137954711918,12.28549861907959,True,3.0245018005371094,True,False,4,3.2478787302970886,2.478360176086426,4.622931480407715,4.921677589416504,True,29.277323519528863,True,loose,5+,0.53994708994709,mid_load,4,2,True,False,True,True,True,True,near_tie,True,d4_mid_load,False,0.0,False,True,True,False,True,1,True,0.0,True,23.644636154174805,0.3204827308654785,True,-3.0245018005371094,-3.0245018005371094,0,True,False,False,helpful,True,False,1,reports/plots/round10_helpfulness_seed314_decisions.csv,314,3.0245018005371094,0.0,True,False,False,False,high_headroom+baseline_error,a1_multiheavy_ood_deeper_packets6_round9_eval_seed314|d4_mid_load|loose|5+|mid_load|4|near_tie|False|1|1,a1_multiheavy_ood_deeper_packets6_round9_eval_seed314|d4_mid_load|loose|5+|mid_load|4|near_tie|False|1|1,d4_mid_load|loose|5+|mid_load|4|near_tie|1|1,7,7,0,6,0,"compute5,fixed_final,fixed_middle,learnedgate,margin050,margin100,risktight",,"compute5,fixed_final,fixed_middle,margin050,margin100,risktight",,compute5,1,3.0245018005371094,1.0,True,-3.0245018005371094,0.0,1,6,3.0245018005371094,True,True,True,False,False
a1_multiheavy_ood_deeper_packets6_round9_eval_seed314,31,1154,6,3.0,34.34177159692949,5,15.31490421295166,0.4459555666697454,1.0,True,9,1,0,19.0268669128418,22.33681297302246,3.309946060180664,0.1739616971802479,3.46169114112854,3.4301345348358154,0.0315566062927246,3.46169114112854,3.4301345348358154,27.081520080566406,7.260251045227051,True,8.05465316772461,True,False,4,2.7970815896987915,2.435349225997925,4.130944728851318,4.534902095794678,True,7.516078902854673,True,loose,5+,0.5082010582010582,mid_load,4,2,True,False,True,True,True,True,near_tie,True,d4_mid_load,False,0.0,False,True,True,False,True,1,True,0.0,True,19.0268669128418,0.3809434175491333,True,-8.05465316772461,-8.05465316772461,0,True,False,False,helpful,True,False,1,reports/plots/round10_helpfulness_seed314_decisions.csv,314,8.05465316772461,0.0,True,False,False,False,high_headroom+baseline_error,a1_multiheavy_ood_deeper_packets6_round9_eval_seed314|d4_mid_load|loose|5+|mid_load|4|near_tie|False|1|1,a1_multiheavy_ood_deeper_packets6_round9_eval_seed314|d4_mid_load|loose|5+|mid_load|4|near_tie|False|1|1,d4_mid_load|loose|5+|mid_load|4|near_tie|1|1,7,7,0,6,0,"compute5,fixed_final,fixed_middle,learnedgate,margin050,margin100,risktight",,"compute5,fixed_final,fixed_middle,margin050,margin100,risktight",,compute5,1,8.05465316772461,1.0,True,-8.05465316772461,0.0,1,6,8.05465316772461,True,True,True,False,False
a1_multiheavy_ood_deeper_packets6_round9_eval_seed314,32,1254,5,1.0,39.02650620636883,5,10.324625968933104,0.2645541959184705,1.0,True,9,1,0,28.701879501342773,32.16228485107422,3.4604053497314453,0.1205637195142414,2.4440343379974365,2.404296636581421,0.0397377014160156,2.4440343379974365,2.404296636581421,34.42961120605469,4.596895217895508,True,5.727731704711914,True,False,4,2.06543317437172,2.6335349082946777,4.597346782684326,4.963913440704346,True,7.60788868093411,True,loose,5+,0.6748677248677248,high_load,4,3,True,False,True,True,True,True,near_tie,True,d4_high_load,False,0.0,False,True,True,False,True,1,True,0.0,True,28.701879501342773,0.5389619767665863,True,-5.727731704711914,-5.727731704711914,0,True,False,False,helpful,True,False,1,reports/plots/round10_helpfulness_seed314_decisions.csv,314,5.727731704711914,0.0,True,False,False,False,high_headroom+baseline_error,a1_multiheavy_ood_deeper_packets6_round9_eval_seed314|d4_high_load|loose|5+|high_load|4|near_tie|False|1|1,a1_multiheavy_ood_deeper_packets6_round9_eval_seed314|d4_high_load|loose|5+|high_load|4|near_tie|False|1|1,d4_high_load|loose|5+|high_load|4|near_tie|1|1,7,7,0,6,0,"compute5,fixed_final,fixed_middle,learnedgate,margin050,margin100,risktight",,"compute5,fixed_final,fixed_middle,margin050,margin100,risktight",,compute5,1,5.727731704711914,1.0,True,-5.727731704711914,0.0,1,6,5.727731704711914,True,True,True,False,False
a1_multiheavy_ood_deeper_packets6_round9_eval_seed314,35,1364,6,2.0,31.9706777378576,5,10.93076515197754,0.3418997007696849,0.8,True,9,1,0,21.039913177490234,23.55997467041016,2.520061492919922,0.1197752800432672,2.4778711795806885,2.271555662155152,0.2063155174255371,2.4778711795806885,2.271555662155152,23.55997467041016,8.4107027053833,True,2.520061492919922,True,False,4,2.075380176305771,2.155242681503296,2.882526397705078,3.202604293823242,True,18.999021301282426,True,loose,5+,0.3071428571428571,low_load,4,2,True,False,True,True,True,True,near_tie,True,d4_low_load,False,0.0,False,True,True,False,True,1,True,0.0,True,21.039913177490234,0.3823571801185608,True,-2.520061492919922,-2.520061492919922,0,True,False,False,helpful,True,False,1,reports/plots/round10_helpfulness_seed314_decisions.csv,314,2.520061492919922,0.0,True,False,False,False,high_headroom+baseline_error,a1_multiheavy_ood_deeper_packets6_round9_eval_seed314|d4_low_load|loose|5+|low_load|4|near_tie|False|1|1,a1_multiheavy_ood_deeper_packets6_round9_eval_seed314|d4_low_load|loose|5+|low_load|4|near_tie|False|1|1,d4_low_load|loose|5+|low_load|4|near_tie|1|1,7,7,0,6,0,"compute5,fixed_final,fixed_middle,learnedgate,margin050,margin100,risktight",,"compute5,fixed_final,fixed_middle,margin050,margin100,risktight",,compute5,1,2.520061492919922,1.0,True,-2.520061492919922,0.0,1,6,2.520061492919922,True,True,True,False,False
a1_multiheavy_ood_deeper_packets6_round9_eval_seed314,37,1444,6,1.0,36.14985389393144,5,14.844990730285645,0.4106514724469662,1.0,True,9,1,0,21.30486297607422,23.3344783782959,2.02961540222168,0.0952653581720275,2.691763162612915,2.212254285812378,0.4795088768005371,2.691763162612915,2.212254285812378,23.3344783782959,12.81537628173828,True,2.02961540222168,True,False,4,1.936650514602661,3.3700613975524902,4.530599594116211,4.749969005584717,True,3.399151450851207,True,loose,5+,0.9367724867724868,high_load,4,3,True,False,True,True,True,True,near_tie,True,d4_high_load,False,0.0,False,True,True,False,True,1,True,0.0,True,21.30486297607422,0.078603446483612,True,-2.02961540222168,-2.02961540222168,0,True,False,False,helpful,True,False,1,reports/plots/round10_helpfulness_seed314_decisions.csv,314,2.02961540222168,0.0,True,False,False,False,high_headroom+baseline_error,a1_multiheavy_ood_deeper_packets6_round9_eval_seed314|d4_high_load|loose|5+|high_load|4|near_tie|False|1|1,a1_multiheavy_ood_deeper_packets6_round9_eval_seed314|d4_high_load|loose|5+|high_load|4|near_tie|False|1|1,d4_high_load|loose|5+|high_load|4|near_tie|1|1,7,5,0,5,0,"compute5,fixed_final,margin050,margin100,risktight",,"compute5,fixed_final,margin050,margin100,risktight",,compute5,1,2.02961540222168,1.0,True,-2.02961540222168,0.0,1,5,2.02961540222168,True,True,True,False,False
a1_multiheavy_ood_deeper_packets6_round9_eval_seed314,39,1534,6,3.0,38.63933239078493,5,16.584434509277344,0.4292112074180804,1.0,True,9,1,0,22.05489730834961,22.804702758789062,0.7498054504394531,0.0339972315425649,2.467733383178711,2.442560911178589,0.025172472000122,2.467733383178711,2.442560911178589,22.804702758789062,15.834630012512209,True,0.7498054504394531,True,False,4,0.6045747399330139,2.729311227798462,4.107231616973877,4.482091426849365,True,3.887837553273556,True,loose,5+,0.7198412698412698,high_load,4,3,True,False,True,True,True,True,near_tie,True,d4_high_load,False,0.15625,False,True,False,False,True,1,True,0.0,True,22.05489730834961,0.5469561219215393,True,-0.7498054504394531,-0.7498054504394531,0,True,False,False,helpful,True,False,1,reports/plots/round10_helpfulness_seed314_decisions.csv,314,0.7498054504394531,0.0,True,False,False,False,baseline_error,a1_multiheavy_ood_deeper_packets6_round9_eval_seed314|d4_high_load|loose|5+|high_load|4|near_tie|False|0|1,a1_multiheavy_ood_deeper_packets6_round9_eval_seed314|d4_high_load|loose|5+|high_load|4|near_tie|False|0|1,d4_high_load|loose|5+|high_load|4|near_tie|0|1,7,7,0,6,0,"compute5,fixed_final,fixed_middle,learnedgate,margin050,margin100,risktight",,"compute5,fixed_final,fixed_middle,margin050,margin100,risktight",,compute5,1,0.7498054504394531,1.0,True,-0.7498054504394531,0.0,1,6,0.7498054504394531,True,True,True,False,False
a1_multiheavy_ood_deeper_packets6_round9_eval_seed314,39,1544,6,2.0,39.4668932460901,5,15.403013229370115,0.3902768108279225,1.0,True,9,1,0,24.06388092041016,27.0166130065918,2.9527320861816406,0.1227039019993335,2.4601359367370605,2.310810089111328,0.1493258476257324,2.4601359367370605,2.310810089111328,27.0166130065918,12.45028018951416,True,2.9527320861816406,True,False,4,0.6045747399330139,2.729311227798462,4.107231616973877,4.482091426849365,True,3.887837553273556,True,loose,5+,0.7198412698412698,high_load,4,3,True,False,True,True,True,True,near_tie,True,d4_high_load,False,0.0,False,True,True,False,True,1,True,0.0,True,24.06388092041016,0.3074504137039184,True,-2.9527320861816406,-2.9527320861816406,0,True,False,False,helpful,True,False,1,reports/plots/round10_helpfulness_seed314_decisions.csv,314,2.9527320861816406,0.0,True,False,False,False,high_headroom+baseline_error,a1_multiheavy_ood_deeper_packets6_round9_eval_seed314|d4_high_load|loose|5+|high_load|4|near_tie|False|1|1,a1_multiheavy_ood_deeper_packets6_round9_eval_seed314|d4_high_load|loose|5+|high_load|4|near_tie|False|1|1,d4_high_load|loose|5+|high_load|4|near_tie|1|1,7,5,0,5,0,"compute5,fixed_final,margin050,margin100,risktight",,"compute5,fixed_final,margin050,margin100,risktight",,compute5,1,2.9527320861816406,1.0,True,-2.9527320861816406,0.0,1,5,2.9527320861816406,True,True,True,False,False
a1_multiheavy_ood_deeper_packets6_round9_eval_seed314,39,1564,6,1.0,49.61771617509691,5,21.434654235839844,0.4319959862763268,1.0,True,9,1,0,28.183061599731445,30.876379013061523,2.693317413330078,0.0955651111146754,2.2811434268951416,2.235431432723999,0.0457119941711425,2.2811434268951416,2.235431432723999,30.876379013061523,18.74133682250977,True,2.693317413330078,True,False,4,0.6045747399330139,2.729311227798462,4.107231616973877,4.482091426849365,True,3.887837553273556,True,loose,5+,0.7198412698412698,high_load,4,3,True,False,True,True,True,True,near_tie,True,d4_high_load,False,0.0,False,True,True,False,True,1,True,0.0,True,28.183061599731445,0.447062224149704,True,-2.693317413330078,-2.693317413330078,0,True,False,False,helpful,True,False,1,reports/plots/round10_helpfulness_seed314_decisions.csv,314,2.693317413330078,0.0,True,False,False,False,high_headroom+baseline_error,a1_multiheavy_ood_deeper_packets6_round9_eval_seed314|d4_high_load|loose|5+|high_load|4|near_tie|False|1|1,a1_multiheavy_ood_deeper_packets6_round9_eval_seed314|d4_high_load|loose|5+|high_load|4|near_tie|False|1|1,d4_high_load|loose|5+|high_load|4|near_tie|1|1,7,7,0,6,0,"compute5,fixed_final,fixed_middle,learnedgate,margin050,margin100,risktight",,"compute5,fixed_final,fixed_middle,margin050,margin100,risktight",,compute5,1,2.693317413330078,1.0,True,-2.693317413330078,0.0,1,6,2.693317413330078,True,True,True,False,False
a1_multiheavy_ood_deeper_packets6_round9_eval_seed314,42,1664,5,3.0,37.21911124608709,5,19.47383117675781,0.5232212840333508,1.0,True,9,1,0,17.74527931213379,19.24540901184082,1.5001296997070312,0.0845368322087373,3.485032796859741,3.429428815841675,0.0556039810180664,3.485032796859741,3.429428815841675,19.24540901184082,17.97370147705078,True,1.5001296997070312,True,False,4,1.3721497058868408,1.8681519031524656,2.793213129043579,3.159250974655152,True,3.124120559390832,True,loose,5+,0.1616402116402116,low_load,4,2,True,False,True,True,True,True,near_tie,True,d4_low_load,False,0.0,False,True,True,False,True,1,True,0.0,True,17.74527931213379,0.312799334526062,True,-1.5001296997070312,-1.5001296997070312,0,True,False,False,helpful,True,False,1,reports/plots/round10_helpfulness_seed314_decisions.csv,314,1.5001296997070312,0.0,True,False,False,False,high_headroom+baseline_error,a1_multiheavy_ood_deeper_packets6_round9_eval_seed314|d4_low_load|loose|5+|low_load|4|near_tie|False|1|1,a1_multiheavy_ood_deeper_packets6_round9_eval_seed314|d4_low_load|loose|5+|low_load|4|near_tie|False|1|1,d4_low_load|loose|5+|low_load|4|near_tie|1|1,7,7,0,6,0,"compute5,fixed_final,fixed_middle,learnedgate,margin050,margin100,risktight",,"compute5,fixed_final,fixed_middle,margin050,margin100,risktight",,compute5,1,1.5001296997070312,1.0,True,-1.5001296997070312,0.0,1,6,1.5001296997070312,True,True,True,False,False
a1_multiheavy_ood_deeper_packets6_round9_eval_seed314,42,1694,5,1.0,33.18928644238668,5,12.353832244873049,0.3722234964682979,1.0,True,9,1,0,20.8354549407959,21.81268119812012,0.9772262573242188,0.0469020839766165,3.802787780761719,3.7536251544952393,0.0491626262664794,3.802787780761719,3.7536251544952393,21.81268119812012,11.376605033874512,True,0.9772262573242188,True,False,4,1.3721497058868408,1.8681519031524656,2.793213129043579,3.159250974655152,True,3.124120559390832,True,loose,5+,0.1616402116402116,low_load,4,2,True,False,True,True,True,True,near_tie,True,d4_low_load,False,0.0625,False,True,False,False,True,1,True,0.0,True,20.8354549407959,0.344273030757904,True,-0.9772262573242188,-0.9772262573242188,0,True,False,False,helpful,True,False,1,reports/plots/round10_helpfulness_seed314_decisions.csv,314,0.9772262573242188,0.0,True,False,False,False,baseline_error,a1_multiheavy_ood_deeper_packets6_round9_eval_seed314|d4_low_load|loose|5+|low_load|4|near_tie|False|0|1,a1_multiheavy_ood_deeper_packets6_round9_eval_seed314|d4_low_load|loose|5+|low_load|4|near_tie|False|0|1,d4_low_load|loose|5+|low_load|4|near_tie|0|1,7,7,0,6,0,"compute5,fixed_final,fixed_middle,learnedgate,margin050,margin100,risktight",,"compute5,fixed_final,fixed_middle,margin050,margin100,risktight",,compute5,1,0.9772262573242188,1.0,True,-0.9772262573242188,0.0,1,6,0.9772262573242188,True,True,True,False,False
a1_multiheavy_ood_deeper_packets6_round9_eval_seed314,45,1774,5,2.0,35.27660650089462,5,12.829096794128418,0.3636715111416136,1.0,True,9,1,0,22.447509765625,23.08768081665039,0.6401710510253906,0.02851857768231,2.52624773979187,2.440936803817749,0.0853109359741211,2.52624773979187,2.440936803817749,23.08768081665039,12.188925743103027,True,0.6401710510253906,True,False,4,0.9139014184474944,3.6501986980438232,4.675680160522461,4.892568111419678,True,4.594713836530474,True,loose,5+,0.987037037037037,high_load,4,3,True,False,True,True,True,True,near_tie,True,d4_high_load,False,0.15625,False,True,False,False,True,1,True,0.0,True,22.447509765625,0.4996046423912048,True,-0.6401710510253906,-0.6401710510253906,0,True,False,False,helpful,True,False,1,reports/plots/round10_helpfulness_seed314_decisions.csv,314,0.6401710510253906,0.0,True,False,False,False,baseline_error,a1_multiheavy_ood_deeper_packets6_round9_eval_seed314|d4_high_load|loose|5+|high_load|4|near_tie|False|0|1,a1_multiheavy_ood_deeper_packets6_round9_eval_seed314|d4_high_load|loose|5+|high_load|4|near_tie|False|0|1,d4_high_load|loose|5+|high_load|4|near_tie|0|1,7,7,0,6,0,"compute5,fixed_final,fixed_middle,learnedgate,margin050,margin100,risktight",,"compute5,fixed_final,fixed_middle,margin050,margin100,risktight",,compute5,1,0.6401710510253906,1.0,True,-0.6401710510253906,0.0,1,6,0.6401710510253906,True,True,True,False,False
a1_multiheavy_ood_deeper_packets6_round9_eval_seed314,45,1794,5,1.0,43.78438355048603,5,16.67450714111328,0.3808322919948518,1.0,True,9,1,0,27.10987663269043,31.011554718017575,3.901678085327149,0.1439209089067676,2.5481395721435547,2.3872315883636475,0.1609079837799072,2.5481395721435547,2.3872315883636475,31.011554718017575,12.772828102111816,True,3.901678085327149,True,False,4,0.9139014184474944,3.6501986980438232,4.675680160522461,4.892568111419678,True,4.594713836530474,True,loose,5+,0.987037037037037,high_load,4,3,True,False,True,True,True,True,near_tie,True,d4_high_load,False,0.0,False,True,True,False,True,1,True,0.0,True,27.10987663269043,0.4138650670647621,True,-3.901678085327149,-3.901678085327149,0,True,False,False,helpful,True,False,1,reports/plots/round10_helpfulness_seed314_decisions.csv,314,3.901678085327149,0.0,True,False,False,False,high_headroom+baseline_error,a1_multiheavy_ood_deeper_packets6_round9_eval_seed314|d4_high_load|loose|5+|high_load|4|near_tie|False|1|1,a1_multiheavy_ood_deeper_packets6_round9_eval_seed314|d4_high_load|loose|5+|high_load|4|near_tie|False|1|1,d4_high_load|loose|5+|high_load|4|near_tie|1|1,7,7,0,6,0,"compute5,fixed_final,fixed_middle,learnedgate,margin050,margin100,risktight",,"compute5,fixed_final,fixed_middle,margin050,margin100,risktight",,compute5,1,3.901678085327149,1.0,True,-3.901678085327149,0.0,1,6,3.901678085327149,True,True,True,False,False
a1_multiheavy_mixed_compute_round9_eval_seed316,58,1196,2,2.0,18.85697452572672,5,7.501546859741211,0.3978128543105784,0.6,True,7,1,0,11.355427742004396,14.113463401794434,2.758035659790039,0.2428825864117741,2.958899974822998,2.534146308898926,0.4247536659240722,2.958899974822998,2.534146308898926,14.113463401794434,4.743511199951172,True,2.758035659790039,True,False,4,1.9130605459213257,4.142561912536621,5.357574462890625,5.618651390075684,False,0.0,True,loose,2,0.8418057663125948,high_load,4,2,True,False,True,True,True,True,near_tie,True,d4_high_load,False,0.0,False,True,True,False,True,1,True,0.0,True,11.355427742004396,0.969895601272583,True,-2.758035659790039,-2.758035659790039,0,True,False,False,helpful,True,False,1,reports/plots/round10_helpfulness_seed316_decisions.csv,316,2.758035659790039,0.0,True,False,False,False,high_headroom+baseline_error,a1_multiheavy_mixed_compute_round9_eval_seed316|d4_high_load|loose|2|high_load|4|near_tie|False|1|1,a1_multiheavy_mixed_compute_round9_eval_seed316|d4_high_load|loose|2|high_load|4|near_tie|False|1|1,d4_high_load|loose|2|high_load|4|near_tie|1|1,7,5,0,4,0,"compute5,gated_pairwise,pairwise,triggered_full_compute,triggered_top2_compute",,"compute5,gated_pairwise,triggered_full_compute,triggered_top2_compute",,gated_pairwise,1,2.758035659790041,1.0,True,-2.758035659790041,0.0,1,4,2.7580356597900404,True,True,True,False,False
a1_multiheavy_mixed_compute_round9_eval_seed316,58,1202,2,2.0,21.384523700928696,5,8.707048416137695,0.4071658802370034,0.6,True,7,1,0,12.677474975585938,14.189142227172852,1.511667251586914,0.1192404050883994,2.687023162841797,2.236244201660156,0.4507789611816406,2.687023162841797,2.236244201660156,14.189142227172852,7.19538164138794,True,1.511667251586914,True,False,4,1.9130605459213257,4.142561912536621,5.357574462890625,5.618651390075684,False,0.0,True,loose,2,0.8418057663125948,high_load,4,2,True,False,True,True,True,True,near_tie,True,d4_high_load,False,0.0,False,True,True,False,True,1,True,0.0,True,12.677474975585938,0.8836623430252075,True,-1.511667251586914,-1.511667251586914,0,True,False,False,helpful,True,False,1,reports/plots/round10_helpfulness_seed316_decisions.csv,316,1.511667251586914,0.0,True,False,False,False,high_headroom+baseline_error,a1_multiheavy_mixed_compute_round9_eval_seed316|d4_high_load|loose|2|high_load|4|near_tie|False|1|1,a1_multiheavy_mixed_compute_round9_eval_seed316|d4_high_load|loose|2|high_load|4|near_tie|False|1|1,d4_high_load|loose|2|high_load|4|near_tie|1|1,7,6,0,4,0,"compute5,gated_pairwise,kl,pairwise,triggered_full_compute,triggered_top2_compute",,"compute5,gated_pairwise,triggered_full_compute,triggered_top2_compute",,compute5,1,1.511667251586914,1.0,True,-1.511667251586914,0.0,1,4,1.511667251586914,True,True,True,False,False
