family,variant,budget_pct,slice,split_count,decisions,selected_count,stable_positive_total,stable_positive_selected,coverage,stable_positive_recall,defer_precision,false_positive_rate,harmful_selection_rate,false_positive_correction_rate,correction_rate,new_error_rate,base_target_match,system_target_match,mean_delta_regret,p95_delta_regret,selected_mean_delta_regret,selected_p95_delta_regret,mean_delta_miss,selected_mean_delta_miss,selected_disagreement,score_mean,score_p95,label
round13_shortlist,prototype_memory_agree_blend_hybrid,0.1,baseline_error_near_tie,2,144,4,4,0,0.02797607563187343,0.0,0.0,1.0,0.0,0.0,0.0,0.0,0.020740883658113062,0.020740883658113062,0.0,0.0,0.0,0.0,0.0,0.0,0.0,-1.8061523626069844,0.7940903834999997,memory_agree_blend_hybrid
round13_shortlist,prototype_memory_agree_blend_hybrid,0.1,hard_near_tie,2,1489,4,4,0,0.0025639196229949655,0.0,0.0,1.0,0.0,0.0,0.0,0.0,0.9038992067673575,0.9038992067673575,0.0,0.0,0.0,0.0,0.0,0.0,0.0,-4.835932094000703,-1.4727019675000024,memory_agree_blend_hybrid
round13_shortlist,prototype_memory_agree_blend_hybrid,0.1,high_headroom_near_tie,2,70,4,4,0,0.05714285714285714,0.0,0.0,1.0,0.0,0.0,0.0,0.0,0.0,0.0,0.0,0.0,0.0,0.0,0.0,0.0,0.0,-0.4509436381999999,0.9103050264999992,memory_agree_blend_hybrid
round13_shortlist,prototype_memory_agree_blend_hybrid,0.1,large_gap_control,2,1921,0,0,0,0.0,0.0,0.0,0.0,0.0,0.0,0.0,0.0,0.9979175474541178,0.9979175474541178,0.0,0.0,0.0,0.0,0.0,0.0,0.0,-3.271932105865834,-0.31683713700000005,memory_agree_blend_hybrid
round13_shortlist,prototype_memory_agree_blend_hybrid,0.1,overall,2,8683,10,4,0,0.0011516760700095966,0.0,0.0,1.0,0.0,0.0,0.0,0.0,0.9651026897677792,0.9652177910569137,-0.0012499227927754157,0.0,-1.0859329223632812,0.0,-0.00011510128913443831,-0.1,0.00011510128913443831,-3.353874729085325,-0.14457682850000086,memory_agree_blend_hybrid
round13_shortlist,prototype_memory_agree_blend_hybrid,0.1,stable_near_tie,2,1436,4,4,0,0.0026505738965802864,0.0,0.0,1.0,0.0,0.0,0.0,0.0,0.9160198004180965,0.9160198004180965,0.0,0.0,0.0,0.0,0.0,0.0,0.0,-4.855496185137085,-1.5718346437500001,memory_agree_blend_hybrid
round13_shortlist,prototype_memory_agree_blend_hybrid,0.1,stable_positive_v2,2,4,0,4,0,0.0,0.0,0.0,0.0,0.0,0.0,0.0,0.0,0.0,0.0,0.0,0.0,0.0,0.0,0.0,0.0,0.0,-0.07481697383333333,0.09638595384999997,memory_agree_blend_hybrid
round13_shortlist,prototype_memory_agree_blend_hybrid,0.1,stable_positive_v2_committee,2,2,0,2,0,0.0,0.0,0.0,0.0,0.0,0.0,0.0,0.0,0.0,0.0,0.0,0.0,0.0,0.0,0.0,0.0,0.0,-0.07128869825,0.013459686324999992,memory_agree_blend_hybrid
round13_shortlist,prototype_memory_agree_blend_hybrid,0.25,baseline_error_near_tie,2,144,9,4,0,0.06299440478487361,0.0,0.0,1.0,0.0,0.0,0.0,0.0,0.020740883658113062,0.020740883658113062,0.0,0.0,0.0,0.0,0.0,0.0,0.0,-1.8061523626069844,0.7940903834999997,memory_agree_blend_hybrid
round13_shortlist,prototype_memory_agree_blend_hybrid,0.25,hard_near_tie,2,1489,9,4,0,0.005728800784451469,0.0,0.0,1.0,0.0,0.0,0.0,0.0,0.9038992067673575,0.9038992067673575,0.0,0.0,0.0,0.0,0.0,0.0,0.0,-4.835932094000703,-1.4727019675000024,memory_agree_blend_hybrid
round13_shortlist,prototype_memory_agree_blend_hybrid,0.25,high_headroom_near_tie,2,70,9,4,0,0.1285714285714286,0.0,0.0,1.0,0.0,0.0,0.0,0.0,0.0,0.0,0.0,0.0,0.0,0.0,0.0,0.0,0.0,-0.4509436381999999,0.9103050264999992,memory_agree_blend_hybrid
round13_shortlist,prototype_memory_agree_blend_hybrid,0.25,large_gap_control,2,1921,3,0,0,0.0015566901904668987,0.0,0.0,1.0,0.0,0.0,0.0,0.0,0.9979175474541178,0.9979175474541178,0.0,0.0,0.0,0.0,0.0,0.0,0.0,-3.271932105865834,-0.31683713700000005,memory_agree_blend_hybrid
round13_shortlist,prototype_memory_agree_blend_hybrid,0.25,overall,2,8683,22,4,0,0.0025336873540211125,0.0,0.0,1.0,0.0,0.0,0.0,0.0,0.9651026897677792,0.9653330249817812,-0.0017704953364416462,0.0,-0.6989480798894708,0.0,-0.00011510128913443831,-0.045454545454545456,0.0002303352140019193,-3.353874729085325,-0.14457682850000086,memory_agree_blend_hybrid
round13_shortlist,prototype_memory_agree_blend_hybrid,0.25,stable_near_tie,2,1436,9,4,0,0.005918431743777856,0.0,0.0,1.0,0.0,0.0,0.0,0.0,0.9160198004180965,0.9160198004180965,0.0,0.0,0.0,0.0,0.0,0.0,0.0,-4.855496185137085,-1.5718346437500001,memory_agree_blend_hybrid
round13_shortlist,prototype_memory_agree_blend_hybrid,0.25,stable_positive_v2,2,4,0,4,0,0.0,0.0,0.0,0.0,0.0,0.0,0.0,0.0,0.0,0.0,0.0,0.0,0.0,0.0,0.0,0.0,0.0,-0.07481697383333333,0.09638595384999997,memory_agree_blend_hybrid
round13_shortlist,prototype_memory_agree_blend_hybrid,0.25,stable_positive_v2_committee,2,2,0,2,0,0.0,0.0,0.0,0.0,0.0,0.0,0.0,0.0,0.0,0.0,0.0,0.0,0.0,0.0,0.0,0.0,0.0,-0.07128869825,0.013459686324999992,memory_agree_blend_hybrid
round13_shortlist,prototype_memory_agree_blend_hybrid,0.5,baseline_error_near_tie,2,144,13,4,0,0.09116341886938066,0.0,0.0,1.0,0.0,0.0,0.0,0.0,0.020740883658113062,0.020740883658113062,0.0,0.0,0.0,0.0,0.0,0.0,0.0,-1.8061523626069844,0.7940903834999997,memory_agree_blend_hybrid
round13_shortlist,prototype_memory_agree_blend_hybrid,0.5,hard_near_tie,2,1489,13,4,0,0.008132646938297624,0.0,0.0,1.0,0.0,0.0,0.0,0.0,0.9038992067673575,0.9038992067673575,0.0,0.0,0.0,0.0,0.0,0.0,0.0,-4.835932094000703,-1.4727019675000024,memory_agree_blend_hybrid
round13_shortlist,prototype_memory_agree_blend_hybrid,0.5,high_headroom_near_tie,2,70,13,4,0,0.18571428571428572,0.0,0.0,1.0,0.0,0.0,0.0,0.0,0.0,0.0,0.0,0.0,0.0,0.0,0.0,0.0,0.0,-0.4509436381999999,0.9103050264999992,memory_agree_blend_hybrid
round13_shortlist,prototype_memory_agree_blend_hybrid,0.5,large_gap_control,2,1921,8,0,0,0.004154606653874923,0.0,0.0,1.0,0.0,0.0,0.0,0.0,0.9979175474541178,0.9979175474541178,0.0,0.0,0.0,0.0,0.0,0.0,0.0,-3.271932105865834,-0.31683713700000005,memory_agree_blend_hybrid
round13_shortlist,prototype_memory_agree_blend_hybrid,0.5,overall,2,8683,44,4,0,0.005067374708042225,0.0,0.0,1.0,0.0,0.0,0.0,0.0,0.9651026897677792,0.9653330249817812,-0.0017704953364416462,0.0,-0.3494740399447354,0.0,-0.00011510128913443831,-0.022727272727272728,0.0002303352140019193,-3.353874729085325,-0.14457682850000086,memory_agree_blend_hybrid
round13_shortlist,prototype_memory_agree_blend_hybrid,0.5,stable_near_tie,2,1436,13,4,0,0.008387567546246992,0.0,0.0,1.0,0.0,0.0,0.0,0.0,0.9160198004180965,0.9160198004180965,0.0,0.0,0.0,0.0,0.0,0.0,0.0,-4.855496185137085,-1.5718346437500001,memory_agree_blend_hybrid
round13_shortlist,prototype_memory_agree_blend_hybrid,0.5,stable_positive_v2,2,4,0,4,0,0.0,0.0,0.0,0.0,0.0,0.0,0.0,0.0,0.0,0.0,0.0,0.0,0.0,0.0,0.0,0.0,0.0,-0.07481697383333333,0.09638595384999997,memory_agree_blend_hybrid
round13_shortlist,prototype_memory_agree_blend_hybrid,0.5,stable_positive_v2_committee,2,2,0,2,0,0.0,0.0,0.0,0.0,0.0,0.0,0.0,0.0,0.0,0.0,0.0,0.0,0.0,0.0,0.0,0.0,0.0,-0.07128869825,0.013459686324999992,memory_agree_blend_hybrid
round13_shortlist,prototype_memory_agree_blend_hybrid,0.75,baseline_error_near_tie,2,144,13,4,0,0.09116341886938066,0.0,0.0,1.0,0.0,0.0,0.0,0.0,0.020740883658113062,0.020740883658113062,0.0,0.0,0.0,0.0,0.0,0.0,0.0,-1.8061523626069844,0.7940903834999997,memory_agree_blend_hybrid
round13_shortlist,prototype_memory_agree_blend_hybrid,0.75,hard_near_tie,2,1489,13,4,0,0.008132646938297624,0.0,0.0,1.0,0.0,0.0,0.0,0.0,0.9038992067673575,0.9038992067673575,0.0,0.0,0.0,0.0,0.0,0.0,0.0,-4.835932094000703,-1.4727019675000024,memory_agree_blend_hybrid
round13_shortlist,prototype_memory_agree_blend_hybrid,0.75,high_headroom_near_tie,2,70,13,4,0,0.18571428571428572,0.0,0.0,1.0,0.0,0.0,0.0,0.0,0.0,0.0,0.0,0.0,0.0,0.0,0.0,0.0,0.0,-0.4509436381999999,0.9103050264999992,memory_agree_blend_hybrid
round13_shortlist,prototype_memory_agree_blend_hybrid,0.75,large_gap_control,2,1921,9,0,0,0.004670070571400696,0.0,0.0,1.0,0.0,0.0,0.0,0.0,0.9979175474541178,0.9979175474541178,0.0,0.0,0.0,0.0,0.0,0.0,0.0,-3.271932105865834,-0.31683713700000005,memory_agree_blend_hybrid
round13_shortlist,prototype_memory_agree_blend_hybrid,0.75,overall,2,8683,66,4,0,0.007601062062063337,0.0,0.0,1.0,0.0,0.0,0.0,0.0,0.9651026897677792,0.9653330249817812,-0.0017704953364416462,0.0,-0.2329826932964903,0.0,-0.00011510128913443831,-0.015151515151515152,0.0002303352140019193,-3.353874729085325,-0.14457682850000086,memory_agree_blend_hybrid
round13_shortlist,prototype_memory_agree_blend_hybrid,0.75,stable_near_tie,2,1436,13,4,0,0.008387567546246992,0.0,0.0,1.0,0.0,0.0,0.0,0.0,0.9160198004180965,0.9160198004180965,0.0,0.0,0.0,0.0,0.0,0.0,0.0,-4.855496185137085,-1.5718346437500001,memory_agree_blend_hybrid
round13_shortlist,prototype_memory_agree_blend_hybrid,0.75,stable_positive_v2,2,4,0,4,0,0.0,0.0,0.0,0.0,0.0,0.0,0.0,0.0,0.0,0.0,0.0,0.0,0.0,0.0,0.0,0.0,0.0,-0.07481697383333333,0.09638595384999997,memory_agree_blend_hybrid
round13_shortlist,prototype_memory_agree_blend_hybrid,0.75,stable_positive_v2_committee,2,2,0,2,0,0.0,0.0,0.0,0.0,0.0,0.0,0.0,0.0,0.0,0.0,0.0,0.0,0.0,0.0,0.0,0.0,0.0,-0.07128869825,0.013459686324999992,memory_agree_blend_hybrid
round13_shortlist,prototype_memory_agree_blend_hybrid,1.0,baseline_error_near_tie,2,144,14,4,0,0.09820567239050743,0.0,0.0,1.0,0.0,0.0,0.0,0.0,0.020740883658113062,0.020740883658113062,0.0,0.0,0.0,0.0,0.0,0.0,0.0,-1.8061523626069844,0.7940903834999997,memory_agree_blend_hybrid
round13_shortlist,prototype_memory_agree_blend_hybrid,1.0,hard_near_tie,2,1489,15,4,0,0.009494643484369512,0.0,0.0,1.0,0.0,0.0,0.0,0.0,0.9038992067673575,0.9038992067673575,0.0,0.0,0.0,0.0,0.0,0.0,0.0,-4.835932094000703,-1.4727019675000024,memory_agree_blend_hybrid
round13_shortlist,prototype_memory_agree_blend_hybrid,1.0,high_headroom_near_tie,2,70,14,4,0,0.2,0.0,0.0,1.0,0.0,0.0,0.0,0.0,0.0,0.0,0.0,0.0,0.0,0.0,0.0,0.0,0.0,-0.4509436381999999,0.9103050264999992,memory_agree_blend_hybrid
round13_shortlist,prototype_memory_agree_blend_hybrid,1.0,large_gap_control,2,1921,13,0,0,0.006731926241503788,0.0,0.0,1.0,0.0,0.0,0.0,0.0,0.9979175474541178,0.9979175474541178,0.0,0.0,0.0,0.0,0.0,0.0,0.0,-3.271932105865834,-0.31683713700000005,memory_agree_blend_hybrid
round13_shortlist,prototype_memory_agree_blend_hybrid,1.0,overall,2,8683,88,4,0,0.01013474941608445,0.0,0.0,1.0,0.0,0.0,0.0,0.0,0.9651026897677792,0.9653330249817812,-0.0017704953364416462,0.0,-0.1747370199723677,0.0,-0.00011510128913443831,-0.011363636363636364,0.0002303352140019193,-3.353874729085325,-0.14457682850000086,memory_agree_blend_hybrid
round13_shortlist,prototype_memory_agree_blend_hybrid,1.0,stable_near_tie,2,1436,15,4,0,0.009803573541592711,0.0,0.0,1.0,0.0,0.0,0.0,0.0,0.9160198004180965,0.9160198004180965,0.0,0.0,0.0,0.0,0.0,0.0,0.0,-4.855496185137085,-1.5718346437500001,memory_agree_blend_hybrid
round13_shortlist,prototype_memory_agree_blend_hybrid,1.0,stable_positive_v2,2,4,0,4,0,0.0,0.0,0.0,0.0,0.0,0.0,0.0,0.0,0.0,0.0,0.0,0.0,0.0,0.0,0.0,0.0,0.0,-0.07481697383333333,0.09638595384999997,memory_agree_blend_hybrid
round13_shortlist,prototype_memory_agree_blend_hybrid,1.0,stable_positive_v2_committee,2,2,0,2,0,0.0,0.0,0.0,0.0,0.0,0.0,0.0,0.0,0.0,0.0,0.0,0.0,0.0,0.0,0.0,0.0,0.0,-0.07128869825,0.013459686324999992,memory_agree_blend_hybrid
round13_shortlist,prototype_memory_agree_blend_hybrid,1.25,baseline_error_near_tie,2,144,14,4,0,0.09820567239050743,0.0,0.0,1.0,0.0,0.0,0.0,0.0,0.020740883658113062,0.020740883658113062,0.0,0.0,0.0,0.0,0.0,0.0,0.0,-1.8061523626069844,0.7940903834999997,memory_agree_blend_hybrid
round13_shortlist,prototype_memory_agree_blend_hybrid,1.25,hard_near_tie,2,1489,15,4,0,0.009494643484369512,0.0,0.0,1.0,0.0,0.0,0.0,0.0,0.9038992067673575,0.9038992067673575,0.0,0.0,0.0,0.0,0.0,0.0,0.0,-4.835932094000703,-1.4727019675000024,memory_agree_blend_hybrid
round13_shortlist,prototype_memory_agree_blend_hybrid,1.25,high_headroom_near_tie,2,70,14,4,0,0.2,0.0,0.0,1.0,0.0,0.0,0.0,0.0,0.0,0.0,0.0,0.0,0.0,0.0,0.0,0.0,0.0,-0.4509436381999999,0.9103050264999992,memory_agree_blend_hybrid
round13_shortlist,prototype_memory_agree_blend_hybrid,1.25,large_gap_control,2,1921,18,0,0,0.009329842704911813,0.0,0.0,1.0,0.0,0.0,0.0,0.0,0.9979175474541178,0.9979175474541178,0.0,0.0,0.0,0.0,0.0,0.0,0.0,-3.271932105865834,-0.31683713700000005,memory_agree_blend_hybrid
round13_shortlist,prototype_memory_agree_blend_hybrid,1.25,overall,2,8683,108,4,0,0.012438234191836685,0.0,0.0,1.0,0.0,0.0,0.0,0.0,0.9651026897677792,0.9653330249817812,-0.0017704953364416462,0.0,-0.14351494332733938,0.0,-0.00011510128913443831,-0.009433962264150943,0.0002303352140019193,-3.353874729085325,-0.14457682850000086,memory_agree_blend_hybrid
round13_shortlist,prototype_memory_agree_blend_hybrid,1.25,stable_near_tie,2,1436,15,4,0,0.009803573541592711,0.0,0.0,1.0,0.0,0.0,0.0,0.0,0.9160198004180965,0.9160198004180965,0.0,0.0,0.0,0.0,0.0,0.0,0.0,-4.855496185137085,-1.5718346437500001,memory_agree_blend_hybrid
round13_shortlist,prototype_memory_agree_blend_hybrid,1.25,stable_positive_v2,2,4,0,4,0,0.0,0.0,0.0,0.0,0.0,0.0,0.0,0.0,0.0,0.0,0.0,0.0,0.0,0.0,0.0,0.0,0.0,-0.07481697383333333,0.09638595384999997,memory_agree_blend_hybrid
round13_shortlist,prototype_memory_agree_blend_hybrid,1.25,stable_positive_v2_committee,2,2,0,2,0,0.0,0.0,0.0,0.0,0.0,0.0,0.0,0.0,0.0,0.0,0.0,0.0,0.0,0.0,0.0,0.0,0.0,-0.07128869825,0.013459686324999992,memory_agree_blend_hybrid
round13_shortlist,prototype_memory_agree_blend_hybrid,1.5,baseline_error_near_tie,2,144,15,4,0,0.10505498745900058,0.0,0.0,1.0,0.0,0.0,0.0,0.0,0.020740883658113062,0.020740883658113062,0.0,0.0,0.0,0.0,0.0,0.0,0.0,-1.8061523626069844,0.7940903834999997,memory_agree_blend_hybrid
round13_shortlist,prototype_memory_agree_blend_hybrid,1.5,hard_near_tie,2,1489,16,4,0,0.010255678491979862,0.0,0.0,1.0,0.0,0.0,0.0,0.0,0.9038992067673575,0.9038992067673575,0.0,0.0,0.0,0.0,0.0,0.0,0.0,-4.835932094000703,-1.4727019675000024,memory_agree_blend_hybrid
round13_shortlist,prototype_memory_agree_blend_hybrid,1.5,high_headroom_near_tie,2,70,14,4,0,0.2,0.0,0.0,1.0,0.0,0.0,0.0,0.0,0.0,0.0,0.0,0.0,0.0,0.0,0.0,0.0,0.0,-0.4509436381999999,0.9103050264999992,memory_agree_blend_hybrid
round13_shortlist,prototype_memory_agree_blend_hybrid,1.5,large_gap_control,2,1921,22,0,0,0.011391698375014907,0.0,0.0,1.0,0.0,0.0,0.0,0.0,0.9979175474541178,0.9979175474541178,0.0,0.0,0.0,0.0,0.0,0.0,0.0,-3.271932105865834,-0.31683713700000005,memory_agree_blend_hybrid
round13_shortlist,prototype_memory_agree_blend_hybrid,1.5,overall,2,8683,119,4,0,0.013705807365378976,0.0,0.0,1.0,0.0,0.0,0.0,0.0,0.9651026897677792,0.9653330249817812,-0.0017704953364416462,0.0,-0.13667020312440675,0.0,-0.00011510128913443831,-0.009433962264150943,0.0002303352140019193,-3.353874729085325,-0.14457682850000086,memory_agree_blend_hybrid
round13_shortlist,prototype_memory_agree_blend_hybrid,1.5,stable_near_tie,2,1436,15,4,0,0.009803573541592711,0.0,0.0,1.0,0.0,0.0,0.0,0.0,0.9160198004180965,0.9160198004180965,0.0,0.0,0.0,0.0,0.0,0.0,0.0,-4.855496185137085,-1.5718346437500001,memory_agree_blend_hybrid
round13_shortlist,prototype_memory_agree_blend_hybrid,1.5,stable_positive_v2,2,4,0,4,0,0.0,0.0,0.0,0.0,0.0,0.0,0.0,0.0,0.0,0.0,0.0,0.0,0.0,0.0,0.0,0.0,0.0,-0.07481697383333333,0.09638595384999997,memory_agree_blend_hybrid
round13_shortlist,prototype_memory_agree_blend_hybrid,1.5,stable_positive_v2_committee,2,2,0,2,0,0.0,0.0,0.0,0.0,0.0,0.0,0.0,0.0,0.0,0.0,0.0,0.0,0.0,0.0,0.0,0.0,0.0,-0.07128869825,0.013459686324999992,memory_agree_blend_hybrid
round13_shortlist,prototype_memory_agree_blend_hybrid,2.0,baseline_error_near_tie,2,144,16,4,0,0.11190430252749373,0.0,0.0,1.0,0.0,0.0,0.0,0.0,0.020740883658113062,0.020740883658113062,0.0,0.0,0.0,0.0,0.0,0.0,0.0,-1.8061523626069844,0.7940903834999997,memory_agree_blend_hybrid
round13_shortlist,prototype_memory_agree_blend_hybrid,2.0,hard_near_tie,2,1489,17,4,0,0.011016713499590212,0.0,0.0,1.0,0.0,0.0,0.0,0.0,0.9038992067673575,0.9038992067673575,0.0,0.0,0.0,0.0,0.0,0.0,0.0,-4.835932094000703,-1.4727019675000024,memory_agree_blend_hybrid
round13_shortlist,prototype_memory_agree_blend_hybrid,2.0,high_headroom_near_tie,2,70,15,4,0,0.2142857142857143,0.0,0.0,1.0,0.0,0.0,0.0,0.0,0.0,0.0,0.0,0.0,0.0,0.0,0.0,0.0,0.0,-0.4509436381999999,0.9103050264999992,memory_agree_blend_hybrid
round13_shortlist,prototype_memory_agree_blend_hybrid,2.0,large_gap_control,2,1921,26,0,0,0.013453554045117999,0.0,0.0,1.0,0.0,0.0,0.0,0.0,0.9979175474541178,0.9979175474541178,0.0,0.0,0.0,0.0,0.0,0.0,0.0,-3.271932105865834,-0.31683713700000005,memory_agree_blend_hybrid
round13_shortlist,prototype_memory_agree_blend_hybrid,2.0,overall,2,8683,140,4,0,0.016125719787596075,0.0,0.0,1.0,0.0,0.0,0.0,0.0,0.9651026897677792,0.9654482589066486,-0.0021671130772670452,0.0,-0.14819004974663064,0.0,-0.00011510128913443831,-0.009433962264150943,0.00034556913886940024,-3.353874729085325,-0.14457682850000086,memory_agree_blend_hybrid
round13_shortlist,prototype_memory_agree_blend_hybrid,2.0,stable_near_tie,2,1436,16,4,0,0.010602295586321146,0.0,0.0,1.0,0.0,0.0,0.0,0.0,0.9160198004180965,0.9160198004180965,0.0,0.0,0.0,0.0,0.0,0.0,0.0,-4.855496185137085,-1.5718346437500001,memory_agree_blend_hybrid
round13_shortlist,prototype_memory_agree_blend_hybrid,2.0,stable_positive_v2,2,4,0,4,0,0.0,0.0,0.0,0.0,0.0,0.0,0.0,0.0,0.0,0.0,0.0,0.0,0.0,0.0,0.0,0.0,0.0,-0.07481697383333333,0.09638595384999997,memory_agree_blend_hybrid
round13_shortlist,prototype_memory_agree_blend_hybrid,2.0,stable_positive_v2_committee,2,2,0,2,0,0.0,0.0,0.0,0.0,0.0,0.0,0.0,0.0,0.0,0.0,0.0,0.0,0.0,0.0,0.0,0.0,0.0,-0.07128869825,0.013459686324999992,memory_agree_blend_hybrid
round13_shortlist,prototype_memory_agree_blend_hybrid,2.5,baseline_error_near_tie,2,144,17,4,0,0.11875361759598688,0.0,0.0,1.0,0.0,0.0,0.0,0.0,0.020740883658113062,0.020740883658113062,0.0,0.0,0.0,0.0,0.0,0.0,0.0,-1.8061523626069844,0.7940903834999997,memory_agree_blend_hybrid
round13_shortlist,prototype_memory_agree_blend_hybrid,2.5,hard_near_tie,2,1489,18,4,0,0.011777748507200562,0.0,0.0,1.0,0.0,0.0,0.0,0.0,0.9038992067673575,0.9038992067673575,0.0,0.0,0.0,0.0,0.0,0.0,0.0,-4.835932094000703,-1.4727019675000024,memory_agree_blend_hybrid
round13_shortlist,prototype_memory_agree_blend_hybrid,2.5,high_headroom_near_tie,2,70,16,4,0,0.22857142857142856,0.0,0.0,1.0,0.0,0.0,0.0,0.0,0.0,0.0,0.0,0.0,0.0,0.0,0.0,0.0,0.0,-0.4509436381999999,0.9103050264999992,memory_agree_blend_hybrid
round13_shortlist,prototype_memory_agree_blend_hybrid,2.5,large_gap_control,2,1921,34,0,0,0.017577265385324184,0.0,0.0,1.0,0.0,0.0,0.0,0.0,0.9979175474541178,0.9979175474541178,0.0,0.0,0.0,0.0,0.0,0.0,0.0,-3.271932105865834,-0.31683713700000005,memory_agree_blend_hybrid
round13_shortlist,prototype_memory_agree_blend_hybrid,2.5,overall,2,8683,162,4,0,0.018660866134680657,0.0,0.0,1.0,0.0,0.0,0.0,0.0,0.9651026897677792,0.9654482589066486,-0.0021671130772670452,0.0,-0.13895740710432314,0.0,-0.00011510128913443831,-0.009433962264150943,0.00034556913886940024,-3.353874729085325,-0.14457682850000086,memory_agree_blend_hybrid
round13_shortlist,prototype_memory_agree_blend_hybrid,2.5,stable_near_tie,2,1436,17,4,0,0.01140101763104958,0.0,0.0,1.0,0.0,0.0,0.0,0.0,0.9160198004180965,0.9160198004180965,0.0,0.0,0.0,0.0,0.0,0.0,0.0,-4.855496185137085,-1.5718346437500001,memory_agree_blend_hybrid
round13_shortlist,prototype_memory_agree_blend_hybrid,2.5,stable_positive_v2,2,4,0,4,0,0.0,0.0,0.0,0.0,0.0,0.0,0.0,0.0,0.0,0.0,0.0,0.0,0.0,0.0,0.0,0.0,0.0,-0.07481697383333333,0.09638595384999997,memory_agree_blend_hybrid
round13_shortlist,prototype_memory_agree_blend_hybrid,2.5,stable_positive_v2_committee,2,2,0,2,0,0.0,0.0,0.0,0.0,0.0,0.0,0.0,0.0,0.0,0.0,0.0,0.0,0.0,0.0,0.0,0.0,0.0,-0.07128869825,0.013459686324999992,memory_agree_blend_hybrid
round13_shortlist,prototype_sharp_negative_tail_support_agree_mix_hybrid,0.1,baseline_error_near_tie,1,144,1,4,0,0.006944444444444444,0.0,0.0,1.0,0.0,0.0,0.0,0.0,0.020833333333333332,0.020833333333333332,0.0,0.0,0.0,0.0,0.0,0.0,0.0,-2.4497121035555556,-0.17617596450000056,sharp_negative_tail_support_agree_mix_hybrid
round13_shortlist,prototype_sharp_negative_tail_support_agree_mix_hybrid,0.1,hard_near_tie,1,1489,1,4,0,0.000671591672263264,0.0,0.0,1.0,0.0,0.0,0.0,0.0,0.9053055742108798,0.9053055742108798,0.0,0.0,0.0,0.0,0.0,0.0,0.0,-4.7603897454076565,-2.2017465000000005,sharp_negative_tail_support_agree_mix_hybrid
round13_shortlist,prototype_sharp_negative_tail_support_agree_mix_hybrid,0.1,high_headroom_near_tie,1,70,1,4,0,0.014285714285714285,0.0,0.0,1.0,0.0,0.0,0.0,0.0,0.0,0.0,0.0,0.0,0.0,0.0,0.0,0.0,0.0,-1.6831639387428572,0.051160514399999815,sharp_negative_tail_support_agree_mix_hybrid
round13_shortlist,prototype_sharp_negative_tail_support_agree_mix_hybrid,0.1,large_gap_control,1,1921,1,0,0,0.0005205622071837585,0.0,0.0,1.0,0.0,0.0,0.0,0.0,0.9979177511712649,0.9979177511712649,0.0,0.0,0.0,0.0,0.0,0.0,0.0,-3.343396983843311,-0.64301723,sharp_negative_tail_support_agree_mix_hybrid
round13_shortlist,prototype_sharp_negative_tail_support_agree_mix_hybrid,0.1,overall,1,8683,9,4,0,0.0010365081193136013,0.0,0.0,1.0,0.0,0.0,0.0,0.0,0.9651042266497755,0.9651042266497755,0.0,0.0,0.0,0.0,0.0,0.0,0.0,-3.709911036655188,-1.04248365,sharp_negative_tail_support_agree_mix_hybrid
round13_shortlist,prototype_sharp_negative_tail_support_agree_mix_hybrid,0.1,stable_near_tie,1,1436,1,4,0,0.0006963788300835655,0.0,0.0,1.0,0.0,0.0,0.0,0.0,0.9171309192200557,0.9171309192200557,0.0,0.0,0.0,0.0,0.0,0.0,0.0,-4.79076560975766,-2.1256984250000004,sharp_negative_tail_support_agree_mix_hybrid
round13_shortlist,prototype_sharp_negative_tail_support_agree_mix_hybrid,0.1,stable_positive_v2,1,4,0,4,0,0.0,0.0,0.0,0.0,0.0,0.0,0.0,0.0,0.0,0.0,0.0,0.0,0.0,0.0,0.0,0.0,0.0,-1.588314,-1.1526385300000002,sharp_negative_tail_support_agree_mix_hybrid
round13_shortlist,prototype_sharp_negative_tail_support_agree_mix_hybrid,0.1,stable_positive_v2_committee,1,2,0,2,0,0.0,0.0,0.0,0.0,0.0,0.0,0.0,0.0,0.0,0.0,0.0,0.0,0.0,0.0,0.0,0.0,0.0,-1.1831838000000001,-1.14391131,sharp_negative_tail_support_agree_mix_hybrid
round13_shortlist,prototype_sharp_negative_tail_support_agree_mix_hybrid,0.25,baseline_error_near_tie,1,144,1,4,0,0.006944444444444444,0.0,0.0,1.0,0.0,0.0,0.0,0.0,0.020833333333333332,0.020833333333333332,0.0,0.0,0.0,0.0,0.0,0.0,0.0,-2.4497121035555556,-0.17617596450000056,sharp_negative_tail_support_agree_mix_hybrid
round13_shortlist,prototype_sharp_negative_tail_support_agree_mix_hybrid,0.25,hard_near_tie,1,1489,1,4,0,0.000671591672263264,0.0,0.0,1.0,0.0,0.0,0.0,0.0,0.9053055742108798,0.9053055742108798,0.0,0.0,0.0,0.0,0.0,0.0,0.0,-4.7603897454076565,-2.2017465000000005,sharp_negative_tail_support_agree_mix_hybrid
round13_shortlist,prototype_sharp_negative_tail_support_agree_mix_hybrid,0.25,high_headroom_near_tie,1,70,1,4,0,0.014285714285714285,0.0,0.0,1.0,0.0,0.0,0.0,0.0,0.0,0.0,0.0,0.0,0.0,0.0,0.0,0.0,0.0,-1.6831639387428572,0.051160514399999815,sharp_negative_tail_support_agree_mix_hybrid
round13_shortlist,prototype_sharp_negative_tail_support_agree_mix_hybrid,0.25,large_gap_control,1,1921,5,0,0,0.0026028110359187923,0.0,0.0,1.0,0.0,0.0,0.0,0.0,0.9979177511712649,0.9979177511712649,0.0,0.0,0.0,0.0,0.0,0.0,0.0,-3.343396983843311,-0.64301723,sharp_negative_tail_support_agree_mix_hybrid
round13_shortlist,prototype_sharp_negative_tail_support_agree_mix_hybrid,0.25,overall,1,8683,22,4,0,0.002533686513877692,0.0,0.0,1.0,0.0,0.0,0.0,0.0,0.9651042266497755,0.9651042266497755,0.0,0.0,0.0,0.0,0.0,0.0,0.0,-3.709911036655188,-1.04248365,sharp_negative_tail_support_agree_mix_hybrid
round13_shortlist,prototype_sharp_negative_tail_support_agree_mix_hybrid,0.25,stable_near_tie,1,1436,1,4,0,0.0006963788300835655,0.0,0.0,1.0,0.0,0.0,0.0,0.0,0.9171309192200557,0.9171309192200557,0.0,0.0,0.0,0.0,0.0,0.0,0.0,-4.79076560975766,-2.1256984250000004,sharp_negative_tail_support_agree_mix_hybrid
round13_shortlist,prototype_sharp_negative_tail_support_agree_mix_hybrid,0.25,stable_positive_v2,1,4,0,4,0,0.0,0.0,0.0,0.0,0.0,0.0,0.0,0.0,0.0,0.0,0.0,0.0,0.0,0.0,0.0,0.0,0.0,-1.588314,-1.1526385300000002,sharp_negative_tail_support_agree_mix_hybrid
round13_shortlist,prototype_sharp_negative_tail_support_agree_mix_hybrid,0.25,stable_positive_v2_committee,1,2,0,2,0,0.0,0.0,0.0,0.0,0.0,0.0,0.0,0.0,0.0,0.0,0.0,0.0,0.0,0.0,0.0,0.0,0.0,-1.1831838000000001,-1.14391131,sharp_negative_tail_support_agree_mix_hybrid
round13_shortlist,prototype_sharp_negative_tail_support_agree_mix_hybrid,0.5,baseline_error_near_tie,1,144,2,4,0,0.013888888888888888,0.0,0.0,1.0,0.0,0.0,0.0,0.0,0.020833333333333332,0.020833333333333332,0.0,0.0,0.0,0.0,0.0,0.0,0.0,-2.4497121035555556,-0.17617596450000056,sharp_negative_tail_support_agree_mix_hybrid
round13_shortlist,prototype_sharp_negative_tail_support_agree_mix_hybrid,0.5,hard_near_tie,1,1489,2,4,0,0.001343183344526528,0.0,0.0,1.0,0.0,0.0,0.0,0.0,0.9053055742108798,0.9053055742108798,0.0,0.0,0.0,0.0,0.0,0.0,0.0,-4.7603897454076565,-2.2017465000000005,sharp_negative_tail_support_agree_mix_hybrid
round13_shortlist,prototype_sharp_negative_tail_support_agree_mix_hybrid,0.5,high_headroom_near_tie,1,70,2,4,0,0.02857142857142857,0.0,0.0,1.0,0.0,0.0,0.0,0.0,0.0,0.0,0.0,0.0,0.0,0.0,0.0,0.0,0.0,-1.6831639387428572,0.051160514399999815,sharp_negative_tail_support_agree_mix_hybrid
round13_shortlist,prototype_sharp_negative_tail_support_agree_mix_hybrid,0.5,large_gap_control,1,1921,10,0,0,0.0052056220718375845,0.0,0.0,1.0,0.0,0.0,0.0,0.0,0.9979177511712649,0.9979177511712649,0.0,0.0,0.0,0.0,0.0,0.0,0.0,-3.343396983843311,-0.64301723,sharp_negative_tail_support_agree_mix_hybrid
round13_shortlist,prototype_sharp_negative_tail_support_agree_mix_hybrid,0.5,overall,1,8683,44,4,0,0.005067373027755384,0.0,0.0,1.0,0.0,0.0,0.0,0.0,0.9651042266497755,0.9653345617874006,-0.0008909049073109138,0.0,-0.1758119843222878,0.0,0.0,0.0,0.00023033513762524472,-3.709911036655188,-1.04248365,sharp_negative_tail_support_agree_mix_hybrid
round13_shortlist,prototype_sharp_negative_tail_support_agree_mix_hybrid,0.5,stable_near_tie,1,1436,2,4,0,0.001392757660167131,0.0,0.0,1.0,0.0,0.0,0.0,0.0,0.9171309192200557,0.9171309192200557,0.0,0.0,0.0,0.0,0.0,0.0,0.0,-4.79076560975766,-2.1256984250000004,sharp_negative_tail_support_agree_mix_hybrid
round13_shortlist,prototype_sharp_negative_tail_support_agree_mix_hybrid,0.5,stable_positive_v2,1,4,0,4,0,0.0,0.0,0.0,0.0,0.0,0.0,0.0,0.0,0.0,0.0,0.0,0.0,0.0,0.0,0.0,0.0,0.0,-1.588314,-1.1526385300000002,sharp_negative_tail_support_agree_mix_hybrid
round13_shortlist,prototype_sharp_negative_tail_support_agree_mix_hybrid,0.5,stable_positive_v2_committee,1,2,0,2,0,0.0,0.0,0.0,0.0,0.0,0.0,0.0,0.0,0.0,0.0,0.0,0.0,0.0,0.0,0.0,0.0,0.0,-1.1831838000000001,-1.14391131,sharp_negative_tail_support_agree_mix_hybrid
round13_shortlist,prototype_sharp_negative_tail_support_agree_mix_hybrid,0.75,baseline_error_near_tie,1,144,4,4,0,0.027777777777777776,0.0,0.0,1.0,0.0,0.0,0.0,0.0,0.020833333333333332,0.020833333333333332,0.0,0.0,0.0,0.0,0.0,0.0,0.0,-2.4497121035555556,-0.17617596450000056,sharp_negative_tail_support_agree_mix_hybrid
round13_shortlist,prototype_sharp_negative_tail_support_agree_mix_hybrid,0.75,hard_near_tie,1,1489,4,4,0,0.002686366689053056,0.0,0.0,1.0,0.0,0.0,0.0,0.0,0.9053055742108798,0.9053055742108798,0.0,0.0,0.0,0.0,0.0,0.0,0.0,-4.7603897454076565,-2.2017465000000005,sharp_negative_tail_support_agree_mix_hybrid
round13_shortlist,prototype_sharp_negative_tail_support_agree_mix_hybrid,0.75,high_headroom_near_tie,1,70,4,4,0,0.05714285714285714,0.0,0.0,1.0,0.0,0.0,0.0,0.0,0.0,0.0,0.0,0.0,0.0,0.0,0.0,0.0,0.0,-1.6831639387428572,0.051160514399999815,sharp_negative_tail_support_agree_mix_hybrid
round13_shortlist,prototype_sharp_negative_tail_support_agree_mix_hybrid,0.75,large_gap_control,1,1921,20,0,0,0.010411244143675169,0.0,0.0,1.0,0.0,0.0,0.0,0.0,0.9979177511712649,0.9979177511712649,0.0,0.0,0.0,0.0,0.0,0.0,0.0,-3.343396983843311,-0.64301723,sharp_negative_tail_support_agree_mix_hybrid
round13_shortlist,prototype_sharp_negative_tail_support_agree_mix_hybrid,0.75,overall,1,8683,66,4,0,0.007601059541633076,0.0,0.0,1.0,0.0,0.0,0.0,0.0,0.9651042266497755,0.9653345617874006,-0.0008909049073109138,0.0,-0.11720798954819188,0.0,0.0,0.0,0.00023033513762524472,-3.709911036655188,-1.04248365,sharp_negative_tail_support_agree_mix_hybrid
round13_shortlist,prototype_sharp_negative_tail_support_agree_mix_hybrid,0.75,stable_near_tie,1,1436,4,4,0,0.002785515320334262,0.0,0.0,1.0,0.0,0.0,0.0,0.0,0.9171309192200557,0.9171309192200557,0.0,0.0,0.0,0.0,0.0,0.0,0.0,-4.79076560975766,-2.1256984250000004,sharp_negative_tail_support_agree_mix_hybrid
round13_shortlist,prototype_sharp_negative_tail_support_agree_mix_hybrid,0.75,stable_positive_v2,1,4,0,4,0,0.0,0.0,0.0,0.0,0.0,0.0,0.0,0.0,0.0,0.0,0.0,0.0,0.0,0.0,0.0,0.0,0.0,-1.588314,-1.1526385300000002,sharp_negative_tail_support_agree_mix_hybrid
round13_shortlist,prototype_sharp_negative_tail_support_agree_mix_hybrid,0.75,stable_positive_v2_committee,1,2,0,2,0,0.0,0.0,0.0,0.0,0.0,0.0,0.0,0.0,0.0,0.0,0.0,0.0,0.0,0.0,0.0,0.0,0.0,-1.1831838000000001,-1.14391131,sharp_negative_tail_support_agree_mix_hybrid
round13_shortlist,prototype_sharp_negative_tail_support_agree_mix_hybrid,1.0,baseline_error_near_tie,1,144,6,4,0,0.041666666666666664,0.0,0.0,1.0,0.0,0.0,0.0,0.0,0.020833333333333332,0.020833333333333332,0.0,0.0,0.0,0.0,0.0,0.0,0.0,-2.4497121035555556,-0.17617596450000056,sharp_negative_tail_support_agree_mix_hybrid
round13_shortlist,prototype_sharp_negative_tail_support_agree_mix_hybrid,1.0,hard_near_tie,1,1489,6,4,0,0.004029550033579583,0.0,0.0,1.0,0.0,0.0,0.0,0.0,0.9053055742108798,0.9053055742108798,0.0,0.0,0.0,0.0,0.0,0.0,0.0,-4.7603897454076565,-2.2017465000000005,sharp_negative_tail_support_agree_mix_hybrid
round13_shortlist,prototype_sharp_negative_tail_support_agree_mix_hybrid,1.0,high_headroom_near_tie,1,70,6,4,0,0.08571428571428572,0.0,0.0,1.0,0.0,0.0,0.0,0.0,0.0,0.0,0.0,0.0,0.0,0.0,0.0,0.0,0.0,-1.6831639387428572,0.051160514399999815,sharp_negative_tail_support_agree_mix_hybrid
round13_shortlist,prototype_sharp_negative_tail_support_agree_mix_hybrid,1.0,large_gap_control,1,1921,22,0,0,0.011452368558042686,0.0,0.0,1.0,0.0,0.0,0.0,0.0,0.9979177511712649,0.9979177511712649,0.0,0.0,0.0,0.0,0.0,0.0,0.0,-3.343396983843311,-0.64301723,sharp_negative_tail_support_agree_mix_hybrid
round13_shortlist,prototype_sharp_negative_tail_support_agree_mix_hybrid,1.0,overall,1,8683,73,4,0,0.008407232523321432,0.0,0.0,1.0,0.0,0.0,0.0,0.0,0.9651042266497755,0.9653345617874006,-0.0008909049073109138,0.0,-0.10596886726274882,0.0,0.0,0.0,0.00023033513762524472,-3.709911036655188,-1.04248365,sharp_negative_tail_support_agree_mix_hybrid
round13_shortlist,prototype_sharp_negative_tail_support_agree_mix_hybrid,1.0,stable_near_tie,1,1436,6,4,0,0.004178272980501393,0.0,0.0,1.0,0.0,0.0,0.0,0.0,0.9171309192200557,0.9171309192200557,0.0,0.0,0.0,0.0,0.0,0.0,0.0,-4.79076560975766,-2.1256984250000004,sharp_negative_tail_support_agree_mix_hybrid
round13_shortlist,prototype_sharp_negative_tail_support_agree_mix_hybrid,1.0,stable_positive_v2,1,4,0,4,0,0.0,0.0,0.0,0.0,0.0,0.0,0.0,0.0,0.0,0.0,0.0,0.0,0.0,0.0,0.0,0.0,0.0,-1.588314,-1.1526385300000002,sharp_negative_tail_support_agree_mix_hybrid
round13_shortlist,prototype_sharp_negative_tail_support_agree_mix_hybrid,1.0,stable_positive_v2_committee,1,2,0,2,0,0.0,0.0,0.0,0.0,0.0,0.0,0.0,0.0,0.0,0.0,0.0,0.0,0.0,0.0,0.0,0.0,0.0,-1.1831838000000001,-1.14391131,sharp_negative_tail_support_agree_mix_hybrid
round13_shortlist,prototype_sharp_negative_tail_support_agree_mix_hybrid,1.25,baseline_error_near_tie,1,144,6,4,0,0.041666666666666664,0.0,0.0,1.0,0.0,0.0,0.0,0.0,0.020833333333333332,0.020833333333333332,0.0,0.0,0.0,0.0,0.0,0.0,0.0,-2.4497121035555556,-0.17617596450000056,sharp_negative_tail_support_agree_mix_hybrid
round13_shortlist,prototype_sharp_negative_tail_support_agree_mix_hybrid,1.25,hard_near_tie,1,1489,6,4,0,0.004029550033579583,0.0,0.0,1.0,0.0,0.0,0.0,0.0,0.9053055742108798,0.9053055742108798,0.0,0.0,0.0,0.0,0.0,0.0,0.0,-4.7603897454076565,-2.2017465000000005,sharp_negative_tail_support_agree_mix_hybrid
round13_shortlist,prototype_sharp_negative_tail_support_agree_mix_hybrid,1.25,high_headroom_near_tie,1,70,6,4,0,0.08571428571428572,0.0,0.0,1.0,0.0,0.0,0.0,0.0,0.0,0.0,0.0,0.0,0.0,0.0,0.0,0.0,0.0,-1.6831639387428572,0.051160514399999815,sharp_negative_tail_support_agree_mix_hybrid
round13_shortlist,prototype_sharp_negative_tail_support_agree_mix_hybrid,1.25,large_gap_control,1,1921,22,0,0,0.011452368558042686,0.0,0.0,1.0,0.0,0.0,0.0,0.0,0.9979177511712649,0.9979177511712649,0.0,0.0,0.0,0.0,0.0,0.0,0.0,-3.343396983843311,-0.64301723,sharp_negative_tail_support_agree_mix_hybrid
round13_shortlist,prototype_sharp_negative_tail_support_agree_mix_hybrid,1.25,overall,1,8683,73,4,0,0.008407232523321432,0.0,0.0,1.0,0.0,0.0,0.0,0.0,0.9651042266497755,0.9653345617874006,-0.0008909049073109138,0.0,-0.10596886726274882,0.0,0.0,0.0,0.00023033513762524472,-3.709911036655188,-1.04248365,sharp_negative_tail_support_agree_mix_hybrid
round13_shortlist,prototype_sharp_negative_tail_support_agree_mix_hybrid,1.25,stable_near_tie,1,1436,6,4,0,0.004178272980501393,0.0,0.0,1.0,0.0,0.0,0.0,0.0,0.9171309192200557,0.9171309192200557,0.0,0.0,0.0,0.0,0.0,0.0,0.0,-4.79076560975766,-2.1256984250000004,sharp_negative_tail_support_agree_mix_hybrid
round13_shortlist,prototype_sharp_negative_tail_support_agree_mix_hybrid,1.25,stable_positive_v2,1,4,0,4,0,0.0,0.0,0.0,0.0,0.0,0.0,0.0,0.0,0.0,0.0,0.0,0.0,0.0,0.0,0.0,0.0,0.0,-1.588314,-1.1526385300000002,sharp_negative_tail_support_agree_mix_hybrid
round13_shortlist,prototype_sharp_negative_tail_support_agree_mix_hybrid,1.25,stable_positive_v2_committee,1,2,0,2,0,0.0,0.0,0.0,0.0,0.0,0.0,0.0,0.0,0.0,0.0,0.0,0.0,0.0,0.0,0.0,0.0,0.0,-1.1831838000000001,-1.14391131,sharp_negative_tail_support_agree_mix_hybrid
round13_shortlist,prototype_sharp_negative_tail_support_agree_mix_hybrid,1.5,baseline_error_near_tie,1,144,6,4,0,0.041666666666666664,0.0,0.0,1.0,0.0,0.0,0.0,0.0,0.020833333333333332,0.020833333333333332,0.0,0.0,0.0,0.0,0.0,0.0,0.0,-2.4497121035555556,-0.17617596450000056,sharp_negative_tail_support_agree_mix_hybrid
round13_shortlist,prototype_sharp_negative_tail_support_agree_mix_hybrid,1.5,hard_near_tie,1,1489,6,4,0,0.004029550033579583,0.0,0.0,1.0,0.0,0.0,0.0,0.0,0.9053055742108798,0.9053055742108798,0.0,0.0,0.0,0.0,0.0,0.0,0.0,-4.7603897454076565,-2.2017465000000005,sharp_negative_tail_support_agree_mix_hybrid
round13_shortlist,prototype_sharp_negative_tail_support_agree_mix_hybrid,1.5,high_headroom_near_tie,1,70,6,4,0,0.08571428571428572,0.0,0.0,1.0,0.0,0.0,0.0,0.0,0.0,0.0,0.0,0.0,0.0,0.0,0.0,0.0,0.0,-1.6831639387428572,0.051160514399999815,sharp_negative_tail_support_agree_mix_hybrid
round13_shortlist,prototype_sharp_negative_tail_support_agree_mix_hybrid,1.5,large_gap_control,1,1921,22,0,0,0.011452368558042686,0.0,0.0,1.0,0.0,0.0,0.0,0.0,0.9979177511712649,0.9979177511712649,0.0,0.0,0.0,0.0,0.0,0.0,0.0,-3.343396983843311,-0.64301723,sharp_negative_tail_support_agree_mix_hybrid
round13_shortlist,prototype_sharp_negative_tail_support_agree_mix_hybrid,1.5,overall,1,8683,73,4,0,0.008407232523321432,0.0,0.0,1.0,0.0,0.0,0.0,0.0,0.9651042266497755,0.9653345617874006,-0.0008909049073109138,0.0,-0.10596886726274882,0.0,0.0,0.0,0.00023033513762524472,-3.709911036655188,-1.04248365,sharp_negative_tail_support_agree_mix_hybrid
round13_shortlist,prototype_sharp_negative_tail_support_agree_mix_hybrid,1.5,stable_near_tie,1,1436,6,4,0,0.004178272980501393,0.0,0.0,1.0,0.0,0.0,0.0,0.0,0.9171309192200557,0.9171309192200557,0.0,0.0,0.0,0.0,0.0,0.0,0.0,-4.79076560975766,-2.1256984250000004,sharp_negative_tail_support_agree_mix_hybrid
round13_shortlist,prototype_sharp_negative_tail_support_agree_mix_hybrid,1.5,stable_positive_v2,1,4,0,4,0,0.0,0.0,0.0,0.0,0.0,0.0,0.0,0.0,0.0,0.0,0.0,0.0,0.0,0.0,0.0,0.0,0.0,-1.588314,-1.1526385300000002,sharp_negative_tail_support_agree_mix_hybrid
round13_shortlist,prototype_sharp_negative_tail_support_agree_mix_hybrid,1.5,stable_positive_v2_committee,1,2,0,2,0,0.0,0.0,0.0,0.0,0.0,0.0,0.0,0.0,0.0,0.0,0.0,0.0,0.0,0.0,0.0,0.0,0.0,-1.1831838000000001,-1.14391131,sharp_negative_tail_support_agree_mix_hybrid
round13_shortlist,prototype_sharp_negative_tail_support_agree_mix_hybrid,2.0,baseline_error_near_tie,1,144,6,4,0,0.041666666666666664,0.0,0.0,1.0,0.0,0.0,0.0,0.0,0.020833333333333332,0.020833333333333332,0.0,0.0,0.0,0.0,0.0,0.0,0.0,-2.4497121035555556,-0.17617596450000056,sharp_negative_tail_support_agree_mix_hybrid
round13_shortlist,prototype_sharp_negative_tail_support_agree_mix_hybrid,2.0,hard_near_tie,1,1489,6,4,0,0.004029550033579583,0.0,0.0,1.0,0.0,0.0,0.0,0.0,0.9053055742108798,0.9053055742108798,0.0,0.0,0.0,0.0,0.0,0.0,0.0,-4.7603897454076565,-2.2017465000000005,sharp_negative_tail_support_agree_mix_hybrid
round13_shortlist,prototype_sharp_negative_tail_support_agree_mix_hybrid,2.0,high_headroom_near_tie,1,70,6,4,0,0.08571428571428572,0.0,0.0,1.0,0.0,0.0,0.0,0.0,0.0,0.0,0.0,0.0,0.0,0.0,0.0,0.0,0.0,-1.6831639387428572,0.051160514399999815,sharp_negative_tail_support_agree_mix_hybrid
round13_shortlist,prototype_sharp_negative_tail_support_agree_mix_hybrid,2.0,large_gap_control,1,1921,22,0,0,0.011452368558042686,0.0,0.0,1.0,0.0,0.0,0.0,0.0,0.9979177511712649,0.9979177511712649,0.0,0.0,0.0,0.0,0.0,0.0,0.0,-3.343396983843311,-0.64301723,sharp_negative_tail_support_agree_mix_hybrid
round13_shortlist,prototype_sharp_negative_tail_support_agree_mix_hybrid,2.0,overall,1,8683,73,4,0,0.008407232523321432,0.0,0.0,1.0,0.0,0.0,0.0,0.0,0.9651042266497755,0.9653345617874006,-0.0008909049073109138,0.0,-0.10596886726274882,0.0,0.0,0.0,0.00023033513762524472,-3.709911036655188,-1.04248365,sharp_negative_tail_support_agree_mix_hybrid
round13_shortlist,prototype_sharp_negative_tail_support_agree_mix_hybrid,2.0,stable_near_tie,1,1436,6,4,0,0.004178272980501393,0.0,0.0,1.0,0.0,0.0,0.0,0.0,0.9171309192200557,0.9171309192200557,0.0,0.0,0.0,0.0,0.0,0.0,0.0,-4.79076560975766,-2.1256984250000004,sharp_negative_tail_support_agree_mix_hybrid
round13_shortlist,prototype_sharp_negative_tail_support_agree_mix_hybrid,2.0,stable_positive_v2,1,4,0,4,0,0.0,0.0,0.0,0.0,0.0,0.0,0.0,0.0,0.0,0.0,0.0,0.0,0.0,0.0,0.0,0.0,0.0,-1.588314,-1.1526385300000002,sharp_negative_tail_support_agree_mix_hybrid
round13_shortlist,prototype_sharp_negative_tail_support_agree_mix_hybrid,2.0,stable_positive_v2_committee,1,2,0,2,0,0.0,0.0,0.0,0.0,0.0,0.0,0.0,0.0,0.0,0.0,0.0,0.0,0.0,0.0,0.0,0.0,0.0,-1.1831838000000001,-1.14391131,sharp_negative_tail_support_agree_mix_hybrid
round13_shortlist,prototype_sharp_negative_tail_support_agree_mix_hybrid,2.5,baseline_error_near_tie,1,144,6,4,0,0.041666666666666664,0.0,0.0,1.0,0.0,0.0,0.0,0.0,0.020833333333333332,0.020833333333333332,0.0,0.0,0.0,0.0,0.0,0.0,0.0,-2.4497121035555556,-0.17617596450000056,sharp_negative_tail_support_agree_mix_hybrid
round13_shortlist,prototype_sharp_negative_tail_support_agree_mix_hybrid,2.5,hard_near_tie,1,1489,6,4,0,0.004029550033579583,0.0,0.0,1.0,0.0,0.0,0.0,0.0,0.9053055742108798,0.9053055742108798,0.0,0.0,0.0,0.0,0.0,0.0,0.0,-4.7603897454076565,-2.2017465000000005,sharp_negative_tail_support_agree_mix_hybrid
round13_shortlist,prototype_sharp_negative_tail_support_agree_mix_hybrid,2.5,high_headroom_near_tie,1,70,6,4,0,0.08571428571428572,0.0,0.0,1.0,0.0,0.0,0.0,0.0,0.0,0.0,0.0,0.0,0.0,0.0,0.0,0.0,0.0,-1.6831639387428572,0.051160514399999815,sharp_negative_tail_support_agree_mix_hybrid
round13_shortlist,prototype_sharp_negative_tail_support_agree_mix_hybrid,2.5,large_gap_control,1,1921,22,0,0,0.011452368558042686,0.0,0.0,1.0,0.0,0.0,0.0,0.0,0.9979177511712649,0.9979177511712649,0.0,0.0,0.0,0.0,0.0,0.0,0.0,-3.343396983843311,-0.64301723,sharp_negative_tail_support_agree_mix_hybrid
round13_shortlist,prototype_sharp_negative_tail_support_agree_mix_hybrid,2.5,overall,1,8683,73,4,0,0.008407232523321432,0.0,0.0,1.0,0.0,0.0,0.0,0.0,0.9651042266497755,0.9653345617874006,-0.0008909049073109138,0.0,-0.10596886726274882,0.0,0.0,0.0,0.00023033513762524472,-3.709911036655188,-1.04248365,sharp_negative_tail_support_agree_mix_hybrid
round13_shortlist,prototype_sharp_negative_tail_support_agree_mix_hybrid,2.5,stable_near_tie,1,1436,6,4,0,0.004178272980501393,0.0,0.0,1.0,0.0,0.0,0.0,0.0,0.9171309192200557,0.9171309192200557,0.0,0.0,0.0,0.0,0.0,0.0,0.0,-4.79076560975766,-2.1256984250000004,sharp_negative_tail_support_agree_mix_hybrid
round13_shortlist,prototype_sharp_negative_tail_support_agree_mix_hybrid,2.5,stable_positive_v2,1,4,0,4,0,0.0,0.0,0.0,0.0,0.0,0.0,0.0,0.0,0.0,0.0,0.0,0.0,0.0,0.0,0.0,0.0,0.0,-1.588314,-1.1526385300000002,sharp_negative_tail_support_agree_mix_hybrid
round13_shortlist,prototype_sharp_negative_tail_support_agree_mix_hybrid,2.5,stable_positive_v2_committee,1,2,0,2,0,0.0,0.0,0.0,0.0,0.0,0.0,0.0,0.0,0.0,0.0,0.0,0.0,0.0,0.0,0.0,0.0,0.0,-1.1831838000000001,-1.14391131,sharp_negative_tail_support_agree_mix_hybrid
round13_shortlist,prototype_negative_tail_support_agree_mix_hybrid,0.1,baseline_error_near_tie,1,144,0,4,0,0.0,0.0,0.0,0.0,0.0,0.0,0.0,0.0,0.020833333333333332,0.020833333333333332,0.0,0.0,0.0,0.0,0.0,0.0,0.0,-0.6453960090069443,3.3230394,negative_tail_support_agree_mix_hybrid
round13_shortlist,prototype_negative_tail_support_agree_mix_hybrid,0.1,hard_near_tie,1,1489,0,4,0,0.0,0.0,0.0,0.0,0.0,0.0,0.0,0.0,0.9053055742108798,0.9053055742108798,0.0,0.0,0.0,0.0,0.0,0.0,0.0,-3.688622830581934,0.9476580399999956,negative_tail_support_agree_mix_hybrid
round13_shortlist,prototype_negative_tail_support_agree_mix_hybrid,0.1,high_headroom_near_tie,1,70,0,4,0,0.0,0.0,0.0,0.0,0.0,0.0,0.0,0.0,0.0,0.0,0.0,0.0,0.0,0.0,0.0,0.0,0.0,0.39129773932857137,3.67771851,negative_tail_support_agree_mix_hybrid
round13_shortlist,prototype_negative_tail_support_agree_mix_hybrid,0.1,large_gap_control,1,1921,2,0,0,0.001041124414367517,0.0,0.0,1.0,0.0,0.0,0.0,0.0,0.9979177511712649,0.9984383133784487,-0.0035865849222384786,0.0,-3.4449148178100586,-0.3444914817810062,0.0,0.0,0.0005205622071837585,-1.2395201844972932,2.7725098,negative_tail_support_agree_mix_hybrid
round13_shortlist,prototype_negative_tail_support_agree_mix_hybrid,0.1,overall,1,8683,9,4,0,0.0010365081193136013,0.0,0.0,1.0,0.0,0.0,0.0,0.0,0.9651042266497755,0.9655648969250259,-0.0034107013629024567,0.0,-3.29056888156467,0.0,0.0,0.0,0.00046067027525048944,-2.0182836327281812,2.5037527899999996,negative_tail_support_agree_mix_hybrid
round13_shortlist,prototype_negative_tail_support_agree_mix_hybrid,0.1,stable_near_tie,1,1436,0,4,0,0.0,0.0,0.0,0.0,0.0,0.0,0.0,0.0,0.9171309192200557,0.9171309192200557,0.0,0.0,0.0,0.0,0.0,0.0,0.0,-3.7437449678561983,0.967966015,negative_tail_support_agree_mix_hybrid
round13_shortlist,prototype_negative_tail_support_agree_mix_hybrid,0.1,stable_positive_v2,1,4,0,4,0,0.0,0.0,0.0,0.0,0.0,0.0,0.0,0.0,0.0,0.0,0.0,0.0,0.0,0.0,0.0,0.0,0.0,2.23072841,3.623160375,negative_tail_support_agree_mix_hybrid
round13_shortlist,prototype_negative_tail_support_agree_mix_hybrid,0.1,stable_positive_v2_committee,1,2,0,2,0,0.0,0.0,0.0,0.0,0.0,0.0,0.0,0.0,0.0,0.0,0.0,0.0,0.0,0.0,0.0,0.0,0.0,2.40114515,3.555213665,negative_tail_support_agree_mix_hybrid
round13_shortlist,prototype_negative_tail_support_agree_mix_hybrid,0.25,baseline_error_near_tie,1,144,1,4,0,0.006944444444444444,0.0,0.0,1.0,0.0,0.0,0.0,0.0,0.020833333333333332,0.020833333333333332,0.0,0.0,0.0,0.0,0.0,0.0,0.0,-0.6453960090069443,3.3230394,negative_tail_support_agree_mix_hybrid
round13_shortlist,prototype_negative_tail_support_agree_mix_hybrid,0.25,hard_near_tie,1,1489,1,4,0,0.000671591672263264,0.0,0.0,1.0,0.0,0.0,0.0,0.0,0.9053055742108798,0.9053055742108798,0.0,0.0,0.0,0.0,0.0,0.0,0.0,-3.688622830581934,0.9476580399999956,negative_tail_support_agree_mix_hybrid
round13_shortlist,prototype_negative_tail_support_agree_mix_hybrid,0.25,high_headroom_near_tie,1,70,1,4,0,0.014285714285714285,0.0,0.0,1.0,0.0,0.0,0.0,0.0,0.0,0.0,0.0,0.0,0.0,0.0,0.0,0.0,0.0,0.39129773932857137,3.67771851,negative_tail_support_agree_mix_hybrid
round13_shortlist,prototype_negative_tail_support_agree_mix_hybrid,0.25,large_gap_control,1,1921,7,0,0,0.003643935450286309,0.0,0.0,1.0,0.0,0.0,0.0,0.0,0.9979177511712649,0.9984383133784487,-0.0035865849222384786,0.0,-0.9842613765171596,0.0,0.0,0.0,0.0005205622071837585,-1.2395201844972932,2.7725098,negative_tail_support_agree_mix_hybrid
round13_shortlist,prototype_negative_tail_support_agree_mix_hybrid,0.25,overall,1,8683,22,4,0,0.002533686513877692,0.0,0.0,1.0,0.0,0.0,0.0,0.0,0.9651042266497755,0.9655648969250259,-0.0034107013629024567,0.0,-1.3461418151855469,0.0,0.0,0.0,0.00046067027525048944,-2.0182836327281812,2.5037527899999996,negative_tail_support_agree_mix_hybrid
round13_shortlist,prototype_negative_tail_support_agree_mix_hybrid,0.25,stable_near_tie,1,1436,1,4,0,0.0006963788300835655,0.0,0.0,1.0,0.0,0.0,0.0,0.0,0.9171309192200557,0.9171309192200557,0.0,0.0,0.0,0.0,0.0,0.0,0.0,-3.7437449678561983,0.967966015,negative_tail_support_agree_mix_hybrid
round13_shortlist,prototype_negative_tail_support_agree_mix_hybrid,0.25,stable_positive_v2,1,4,0,4,0,0.0,0.0,0.0,0.0,0.0,0.0,0.0,0.0,0.0,0.0,0.0,0.0,0.0,0.0,0.0,0.0,0.0,2.23072841,3.623160375,negative_tail_support_agree_mix_hybrid
round13_shortlist,prototype_negative_tail_support_agree_mix_hybrid,0.25,stable_positive_v2_committee,1,2,0,2,0,0.0,0.0,0.0,0.0,0.0,0.0,0.0,0.0,0.0,0.0,0.0,0.0,0.0,0.0,0.0,0.0,0.0,2.40114515,3.555213665,negative_tail_support_agree_mix_hybrid
round13_shortlist,prototype_negative_tail_support_agree_mix_hybrid,0.5,baseline_error_near_tie,1,144,2,4,0,0.013888888888888888,0.0,0.0,1.0,0.0,0.0,0.0,0.0,0.020833333333333332,0.020833333333333332,0.0,0.0,0.0,0.0,0.0,0.0,0.0,-0.6453960090069443,3.3230394,negative_tail_support_agree_mix_hybrid
round13_shortlist,prototype_negative_tail_support_agree_mix_hybrid,0.5,hard_near_tie,1,1489,2,4,0,0.001343183344526528,0.0,0.0,1.0,0.0,0.0,0.0,0.0,0.9053055742108798,0.9053055742108798,0.0,0.0,0.0,0.0,0.0,0.0,0.0,-3.688622830581934,0.9476580399999956,negative_tail_support_agree_mix_hybrid
round13_shortlist,prototype_negative_tail_support_agree_mix_hybrid,0.5,high_headroom_near_tie,1,70,2,4,0,0.02857142857142857,0.0,0.0,1.0,0.0,0.0,0.0,0.0,0.0,0.0,0.0,0.0,0.0,0.0,0.0,0.0,0.0,0.39129773932857137,3.67771851,negative_tail_support_agree_mix_hybrid
round13_shortlist,prototype_negative_tail_support_agree_mix_hybrid,0.5,large_gap_control,1,1921,13,0,0,0.00676730869338886,0.0,0.0,1.0,0.0,0.0,0.0,0.0,0.9979177511712649,0.9984383133784487,-0.0035865849222384786,0.0,-0.5299868950477014,0.0,0.0,0.0,0.0005205622071837585,-1.2395201844972932,2.7725098,negative_tail_support_agree_mix_hybrid
round13_shortlist,prototype_negative_tail_support_agree_mix_hybrid,0.5,overall,1,8683,44,4,0,0.005067373027755384,0.0,0.0,1.0,0.0,0.0,0.0,0.0,0.9651042266497755,0.9656800644938386,-0.0037601903247404906,0.0,-0.742039377039129,0.0,0.0,0.0,0.0005758378440631119,-2.0182836327281812,2.5037527899999996,negative_tail_support_agree_mix_hybrid
round13_shortlist,prototype_negative_tail_support_agree_mix_hybrid,0.5,stable_near_tie,1,1436,2,4,0,0.001392757660167131,0.0,0.0,1.0,0.0,0.0,0.0,0.0,0.9171309192200557,0.9171309192200557,0.0,0.0,0.0,0.0,0.0,0.0,0.0,-3.7437449678561983,0.967966015,negative_tail_support_agree_mix_hybrid
round13_shortlist,prototype_negative_tail_support_agree_mix_hybrid,0.5,stable_positive_v2,1,4,0,4,0,0.0,0.0,0.0,0.0,0.0,0.0,0.0,0.0,0.0,0.0,0.0,0.0,0.0,0.0,0.0,0.0,0.0,2.23072841,3.623160375,negative_tail_support_agree_mix_hybrid
round13_shortlist,prototype_negative_tail_support_agree_mix_hybrid,0.5,stable_positive_v2_committee,1,2,0,2,0,0.0,0.0,0.0,0.0,0.0,0.0,0.0,0.0,0.0,0.0,0.0,0.0,0.0,0.0,0.0,0.0,0.0,2.40114515,3.555213665,negative_tail_support_agree_mix_hybrid
round13_shortlist,prototype_negative_tail_support_agree_mix_hybrid,0.75,baseline_error_near_tie,1,144,3,4,0,0.020833333333333332,0.0,0.0,1.0,0.0,0.0,0.0,0.0,0.020833333333333332,0.020833333333333332,0.0,0.0,0.0,0.0,0.0,0.0,0.0,-0.6453960090069443,3.3230394,negative_tail_support_agree_mix_hybrid
round13_shortlist,prototype_negative_tail_support_agree_mix_hybrid,0.75,hard_near_tie,1,1489,3,4,0,0.0020147750167897917,0.0,0.0,1.0,0.0,0.0,0.0,0.0,0.9053055742108798,0.9053055742108798,0.0,0.0,0.0,0.0,0.0,0.0,0.0,-3.688622830581934,0.9476580399999956,negative_tail_support_agree_mix_hybrid
round13_shortlist,prototype_negative_tail_support_agree_mix_hybrid,0.75,high_headroom_near_tie,1,70,3,4,0,0.04285714285714286,0.0,0.0,1.0,0.0,0.0,0.0,0.0,0.0,0.0,0.0,0.0,0.0,0.0,0.0,0.0,0.0,0.39129773932857137,3.67771851,negative_tail_support_agree_mix_hybrid
round13_shortlist,prototype_negative_tail_support_agree_mix_hybrid,0.75,large_gap_control,1,1921,20,0,0,0.010411244143675169,0.0,0.0,1.0,0.0,0.0,0.0,0.0,0.9979177511712649,0.9984383133784487,-0.0035865849222384786,0.0,-0.34449148178100586,0.0,0.0,0.0,0.0005205622071837585,-1.2395201844972932,2.7725098,negative_tail_support_agree_mix_hybrid
round13_shortlist,prototype_negative_tail_support_agree_mix_hybrid,0.75,overall,1,8683,66,4,0,0.007601059541633076,0.0,0.0,1.0,0.0,0.0,0.0,0.0,0.9651042266497755,0.9657952320626512,-0.004280463103035498,0.0,-0.5631403200554125,0.0,0.0,0.0,0.0006910054128757342,-2.0182836327281812,2.5037527899999996,negative_tail_support_agree_mix_hybrid
round13_shortlist,prototype_negative_tail_support_agree_mix_hybrid,0.75,stable_near_tie,1,1436,3,4,0,0.0020891364902506965,0.0,0.0,1.0,0.0,0.0,0.0,0.0,0.9171309192200557,0.9171309192200557,0.0,0.0,0.0,0.0,0.0,0.0,0.0,-3.7437449678561983,0.967966015,negative_tail_support_agree_mix_hybrid
round13_shortlist,prototype_negative_tail_support_agree_mix_hybrid,0.75,stable_positive_v2,1,4,0,4,0,0.0,0.0,0.0,0.0,0.0,0.0,0.0,0.0,0.0,0.0,0.0,0.0,0.0,0.0,0.0,0.0,0.0,2.23072841,3.623160375,negative_tail_support_agree_mix_hybrid
round13_shortlist,prototype_negative_tail_support_agree_mix_hybrid,0.75,stable_positive_v2_committee,1,2,0,2,0,0.0,0.0,0.0,0.0,0.0,0.0,0.0,0.0,0.0,0.0,0.0,0.0,0.0,0.0,0.0,0.0,0.0,2.40114515,3.555213665,negative_tail_support_agree_mix_hybrid
round13_shortlist,prototype_negative_tail_support_agree_mix_hybrid,1.0,baseline_error_near_tie,1,144,3,4,0,0.020833333333333332,0.0,0.0,1.0,0.0,0.0,0.0,0.0,0.020833333333333332,0.020833333333333332,0.0,0.0,0.0,0.0,0.0,0.0,0.0,-0.6453960090069443,3.3230394,negative_tail_support_agree_mix_hybrid
round13_shortlist,prototype_negative_tail_support_agree_mix_hybrid,1.0,hard_near_tie,1,1489,3,4,0,0.0020147750167897917,0.0,0.0,1.0,0.0,0.0,0.0,0.0,0.9053055742108798,0.9053055742108798,0.0,0.0,0.0,0.0,0.0,0.0,0.0,-3.688622830581934,0.9476580399999956,negative_tail_support_agree_mix_hybrid
round13_shortlist,prototype_negative_tail_support_agree_mix_hybrid,1.0,high_headroom_near_tie,1,70,3,4,0,0.04285714285714286,0.0,0.0,1.0,0.0,0.0,0.0,0.0,0.0,0.0,0.0,0.0,0.0,0.0,0.0,0.0,0.0,0.39129773932857137,3.67771851,negative_tail_support_agree_mix_hybrid
round13_shortlist,prototype_negative_tail_support_agree_mix_hybrid,1.0,large_gap_control,1,1921,28,0,0,0.014575741801145237,0.0,0.0,1.0,0.0,0.0,0.0,0.0,0.9979177511712649,0.9984383133784487,-0.0035865849222384786,0.0,-0.2460653441292899,0.0,0.0,0.0,0.0005205622071837585,-1.2395201844972932,2.7725098,negative_tail_support_agree_mix_hybrid
round13_shortlist,prototype_negative_tail_support_agree_mix_hybrid,1.0,overall,1,8683,87,4,0,0.010019578486698147,0.0,0.0,1.0,0.0,0.0,0.0,0.0,0.9651042266497755,0.9659103996314637,-0.004676852456356103,0.0,-0.4667713779142533,0.0,0.0,0.0,0.0008061729816883565,-2.0182836327281812,2.5037527899999996,negative_tail_support_agree_mix_hybrid
round13_shortlist,prototype_negative_tail_support_agree_mix_hybrid,1.0,stable_near_tie,1,1436,3,4,0,0.0020891364902506965,0.0,0.0,1.0,0.0,0.0,0.0,0.0,0.9171309192200557,0.9171309192200557,0.0,0.0,0.0,0.0,0.0,0.0,0.0,-3.7437449678561983,0.967966015,negative_tail_support_agree_mix_hybrid
round13_shortlist,prototype_negative_tail_support_agree_mix_hybrid,1.0,stable_positive_v2,1,4,0,4,0,0.0,0.0,0.0,0.0,0.0,0.0,0.0,0.0,0.0,0.0,0.0,0.0,0.0,0.0,0.0,0.0,0.0,2.23072841,3.623160375,negative_tail_support_agree_mix_hybrid
round13_shortlist,prototype_negative_tail_support_agree_mix_hybrid,1.0,stable_positive_v2_committee,1,2,0,2,0,0.0,0.0,0.0,0.0,0.0,0.0,0.0,0.0,0.0,0.0,0.0,0.0,0.0,0.0,0.0,0.0,0.0,2.40114515,3.555213665,negative_tail_support_agree_mix_hybrid
round13_shortlist,prototype_negative_tail_support_agree_mix_hybrid,1.25,baseline_error_near_tie,1,144,5,4,1,0.034722222222222224,0.25,0.2,0.8,0.0,0.0,0.006944444444444444,0.0,0.020833333333333332,0.027777777777777776,-0.019153025415208604,0.0,-0.5516071319580078,0.0,0.0,0.0,0.006944444444444444,-0.6453960090069443,3.3230394,negative_tail_support_agree_mix_hybrid
round13_shortlist,prototype_negative_tail_support_agree_mix_hybrid,1.25,hard_near_tie,1,1489,5,4,1,0.0033579583613163196,0.25,0.2,0.8,0.0,0.0,0.000671591672263264,0.0,0.9053055742108798,0.905977165883143,-0.0018522737809201068,0.0,-0.5516071319580078,0.0,0.0,0.0,0.000671591672263264,-3.688622830581934,0.9476580399999956,negative_tail_support_agree_mix_hybrid
round13_shortlist,prototype_negative_tail_support_agree_mix_hybrid,1.25,high_headroom_near_tie,1,70,5,4,1,0.07142857142857142,0.25,0.2,0.8,0.0,0.0,0.014285714285714285,0.0,0.0,0.014285714285714285,-0.03940050942557199,0.0,-0.5516071319580078,0.0,0.0,0.0,0.014285714285714285,0.39129773932857137,3.67771851,negative_tail_support_agree_mix_hybrid
round13_shortlist,prototype_negative_tail_support_agree_mix_hybrid,1.25,large_gap_control,1,1921,38,0,0,0.01978136387298282,0.0,0.0,1.0,0.0,0.0,0.0,0.0,0.9979177511712649,0.9984383133784487,-0.0035865849222384786,0.0,-0.1813113062005294,0.0,0.0,0.0,0.0005205622071837585,-1.2395201844972932,2.7725098,negative_tail_support_agree_mix_hybrid
round13_shortlist,prototype_negative_tail_support_agree_mix_hybrid,1.25,overall,1,8683,109,4,1,0.012553265000575837,0.25,0.009174311926605505,0.9908256880733946,0.0,0.0,0.00011516756881262236,0.0,0.9651042266497755,0.9662559023379016,-0.005844952694133832,0.0,-0.46561214901985376,0.0,0.0,0.0,0.0011516756881262238,-2.0182836327281812,2.5037527899999996,negative_tail_support_agree_mix_hybrid
round13_shortlist,prototype_negative_tail_support_agree_mix_hybrid,1.25,stable_near_tie,1,1436,5,4,1,0.003481894150417827,0.25,0.2,0.8,0.0,0.0,0.0006963788300835655,0.0,0.9171309192200557,0.9178272980501393,-0.001920637646093342,0.0,-0.5516071319580078,0.0,0.0,0.0,0.0006963788300835655,-3.7437449678561983,0.967966015,negative_tail_support_agree_mix_hybrid
round13_shortlist,prototype_negative_tail_support_agree_mix_hybrid,1.25,stable_positive_v2,1,4,1,4,1,0.25,0.25,1.0,0.0,0.0,0.0,0.25,0.0,0.0,0.25,-0.6895089149475098,0.0,-2.758035659790039,-2.758035659790039,0.0,0.0,0.25,2.23072841,3.623160375,negative_tail_support_agree_mix_hybrid
round13_shortlist,prototype_negative_tail_support_agree_mix_hybrid,1.25,stable_positive_v2_committee,1,2,1,2,1,0.5,0.5,1.0,0.0,0.0,0.0,0.5,0.0,0.0,0.5,-1.3790178298950195,-0.13790178298950206,-2.758035659790039,-2.758035659790039,0.0,0.0,0.5,2.40114515,3.555213665,negative_tail_support_agree_mix_hybrid
round13_shortlist,prototype_negative_tail_support_agree_mix_hybrid,1.5,baseline_error_near_tie,1,144,6,4,1,0.041666666666666664,0.25,0.16666666666666666,0.8333333333333334,0.0,0.0,0.006944444444444444,0.0,0.020833333333333332,0.027777777777777776,-0.019153025415208604,0.0,-0.45967260996500653,0.0,0.0,0.0,0.006944444444444444,-0.6453960090069443,3.3230394,negative_tail_support_agree_mix_hybrid
round13_shortlist,prototype_negative_tail_support_agree_mix_hybrid,1.5,hard_near_tie,1,1489,6,4,1,0.004029550033579583,0.25,0.16666666666666666,0.8333333333333334,0.0,0.0,0.000671591672263264,0.0,0.9053055742108798,0.905977165883143,-0.0018522737809201068,0.0,-0.45967260996500653,0.0,0.0,0.0,0.000671591672263264,-3.688622830581934,0.9476580399999956,negative_tail_support_agree_mix_hybrid
round13_shortlist,prototype_negative_tail_support_agree_mix_hybrid,1.5,high_headroom_near_tie,1,70,6,4,1,0.08571428571428572,0.25,0.16666666666666666,0.8333333333333334,0.0,0.0,0.014285714285714285,0.0,0.0,0.014285714285714285,-0.03940050942557199,0.0,-0.45967260996500653,0.0,0.0,0.0,0.014285714285714285,0.39129773932857137,3.67771851,negative_tail_support_agree_mix_hybrid
round13_shortlist,prototype_negative_tail_support_agree_mix_hybrid,1.5,large_gap_control,1,1921,45,0,0,0.02342529932326913,0.0,0.0,1.0,0.0,0.0,0.0,0.0,0.9979177511712649,0.9984383133784487,-0.0035865849222384786,0.0,-0.1531073252360026,0.0,0.0,0.0,0.0005205622071837585,-1.2395201844972932,2.7725098,negative_tail_support_agree_mix_hybrid
round13_shortlist,prototype_negative_tail_support_agree_mix_hybrid,1.5,overall,1,8683,131,4,1,0.01508695151445353,0.25,0.007633587786259542,0.9923664122137404,0.0,0.0,0.00011516756881262236,0.0,0.9651042266497755,0.9662559023379016,-0.005844952694133832,0.0,-0.3874177423142295,0.0,0.0,0.0,0.0011516756881262238,-2.0182836327281812,2.5037527899999996,negative_tail_support_agree_mix_hybrid
round13_shortlist,prototype_negative_tail_support_agree_mix_hybrid,1.5,stable_near_tie,1,1436,6,4,1,0.004178272980501393,0.25,0.16666666666666666,0.8333333333333334,0.0,0.0,0.0006963788300835655,0.0,0.9171309192200557,0.9178272980501393,-0.001920637646093342,0.0,-0.45967260996500653,0.0,0.0,0.0,0.0006963788300835655,-3.7437449678561983,0.967966015,negative_tail_support_agree_mix_hybrid
round13_shortlist,prototype_negative_tail_support_agree_mix_hybrid,1.5,stable_positive_v2,1,4,1,4,1,0.25,0.25,1.0,0.0,0.0,0.0,0.25,0.0,0.0,0.25,-0.6895089149475098,0.0,-2.758035659790039,-2.758035659790039,0.0,0.0,0.25,2.23072841,3.623160375,negative_tail_support_agree_mix_hybrid
round13_shortlist,prototype_negative_tail_support_agree_mix_hybrid,1.5,stable_positive_v2_committee,1,2,1,2,1,0.5,0.5,1.0,0.0,0.0,0.0,0.5,0.0,0.0,0.5,-1.3790178298950195,-0.13790178298950206,-2.758035659790039,-2.758035659790039,0.0,0.0,0.5,2.40114515,3.555213665,negative_tail_support_agree_mix_hybrid
round13_shortlist,prototype_negative_tail_support_agree_mix_hybrid,2.0,baseline_error_near_tie,1,144,8,4,1,0.05555555555555555,0.25,0.125,0.875,0.0,0.0,0.006944444444444444,0.0,0.020833333333333332,0.027777777777777776,-0.019153025415208604,0.0,-0.3447544574737549,0.0,0.0,0.0,0.006944444444444444,-0.6453960090069443,3.3230394,negative_tail_support_agree_mix_hybrid
round13_shortlist,prototype_negative_tail_support_agree_mix_hybrid,2.0,hard_near_tie,1,1489,8,4,1,0.005372733378106112,0.25,0.125,0.875,0.0,0.0,0.000671591672263264,0.0,0.9053055742108798,0.905977165883143,-0.0018522737809201068,0.0,-0.3447544574737549,0.0,0.0,0.0,0.000671591672263264,-3.688622830581934,0.9476580399999956,negative_tail_support_agree_mix_hybrid
round13_shortlist,prototype_negative_tail_support_agree_mix_hybrid,2.0,high_headroom_near_tie,1,70,8,4,1,0.11428571428571428,0.25,0.125,0.875,0.0,0.0,0.014285714285714285,0.0,0.0,0.014285714285714285,-0.03940050942557199,0.0,-0.3447544574737549,0.0,0.0,0.0,0.014285714285714285,0.39129773932857137,3.67771851,negative_tail_support_agree_mix_hybrid
round13_shortlist,prototype_negative_tail_support_agree_mix_hybrid,2.0,large_gap_control,1,1921,57,0,0,0.029672045809474232,0.0,0.0,1.0,0.0,0.0,0.0,0.0,0.9979177511712649,0.9989588755856325,-0.0065445123024125825,0.0,-0.22056154619183457,0.0,0.0,0.0,0.001041124414367517,-1.2395201844972932,2.7725098,negative_tail_support_agree_mix_hybrid
round13_shortlist,prototype_negative_tail_support_agree_mix_hybrid,2.0,overall,1,8683,174,4,1,0.020039156973396293,0.25,0.005747126436781609,0.9942528735632183,0.0,0.0,0.00011516756881262236,0.0,0.9651042266497755,0.9664862374755269,-0.006918208082603939,0.0,-0.3452344872485632,0.0,0.0,0.0,0.0013820108257514684,-2.0182836327281812,2.5037527899999996,negative_tail_support_agree_mix_hybrid
round13_shortlist,prototype_negative_tail_support_agree_mix_hybrid,2.0,stable_near_tie,1,1436,8,4,1,0.005571030640668524,0.25,0.125,0.875,0.0,0.0,0.0006963788300835655,0.0,0.9171309192200557,0.9178272980501393,-0.001920637646093342,0.0,-0.3447544574737549,0.0,0.0,0.0,0.0006963788300835655,-3.7437449678561983,0.967966015,negative_tail_support_agree_mix_hybrid
round13_shortlist,prototype_negative_tail_support_agree_mix_hybrid,2.0,stable_positive_v2,1,4,1,4,1,0.25,0.25,1.0,0.0,0.0,0.0,0.25,0.0,0.0,0.25,-0.6895089149475098,0.0,-2.758035659790039,-2.758035659790039,0.0,0.0,0.25,2.23072841,3.623160375,negative_tail_support_agree_mix_hybrid
round13_shortlist,prototype_negative_tail_support_agree_mix_hybrid,2.0,stable_positive_v2_committee,1,2,1,2,1,0.5,0.5,1.0,0.0,0.0,0.0,0.5,0.0,0.0,0.5,-1.3790178298950195,-0.13790178298950206,-2.758035659790039,-2.758035659790039,0.0,0.0,0.5,2.40114515,3.555213665,negative_tail_support_agree_mix_hybrid
round13_shortlist,prototype_negative_tail_support_agree_mix_hybrid,2.5,baseline_error_near_tie,1,144,11,4,2,0.0763888888888889,0.5,0.18181818181818182,0.8181818181818182,0.0,0.0,0.013888888888888888,0.0,0.020833333333333332,0.034722222222222224,-0.04331113232506646,0.0,-0.5669820958917792,0.0,0.0,0.0,0.013888888888888888,-0.6453960090069443,3.3230394,negative_tail_support_agree_mix_hybrid
round13_shortlist,prototype_negative_tail_support_agree_mix_hybrid,2.5,hard_near_tie,1,1489,11,4,2,0.007387508394895903,0.5,0.18181818181818182,0.8181818181818182,0.0,0.0,0.001343183344526528,0.0,0.9053055742108798,0.9066487575554063,-0.004188584993156192,0.0,-0.5669820958917792,0.0,0.0,0.0,0.001343183344526528,-3.688622830581934,0.9476580399999956,negative_tail_support_agree_mix_hybrid
round13_shortlist,prototype_negative_tail_support_agree_mix_hybrid,2.5,high_headroom_near_tie,1,70,10,4,2,0.14285714285714285,0.5,0.2,0.8,0.0,0.0,0.02857142857142857,0.0,0.0,0.02857142857142857,-0.08909718649727957,0.0,-0.623680305480957,0.0,0.0,0.0,0.02857142857142857,0.39129773932857137,3.67771851,negative_tail_support_agree_mix_hybrid
round13_shortlist,prototype_negative_tail_support_agree_mix_hybrid,2.5,large_gap_control,1,1921,67,0,0,0.034877667881311816,0.0,0.0,1.0,0.0,0.0,0.0,0.0,0.9979177511712649,0.9989588755856325,-0.0065445123024125825,0.0,-0.18764191243185926,0.0,0.0,0.0,0.001041124414367517,-1.2395201844972932,2.7725098,negative_tail_support_agree_mix_hybrid
round13_shortlist,prototype_negative_tail_support_agree_mix_hybrid,2.5,overall,1,8683,218,4,2,0.025106530001151674,0.5,0.009174311926605505,0.9908256880733946,0.0,0.0,0.00023033513762524472,0.0,0.9651042266497755,0.9668317401819647,-0.008140867980795358,0.0,-0.3242530122809454,0.0,0.0,0.0,0.0018426811010019578,-2.0182836327281812,2.5037527899999996,negative_tail_support_agree_mix_hybrid
round13_shortlist,prototype_negative_tail_support_agree_mix_hybrid,2.5,stable_near_tie,1,1436,11,4,2,0.00766016713091922,0.5,0.18181818181818182,0.8181818181818182,0.0,0.0,0.001392757660167131,0.0,0.9171309192200557,0.9185236768802229,-0.004343177614769896,0.0,-0.5669820958917792,0.0,0.0,0.0,0.001392757660167131,-3.7437449678561983,0.967966015,negative_tail_support_agree_mix_hybrid
round13_shortlist,prototype_negative_tail_support_agree_mix_hybrid,2.5,stable_positive_v2,1,4,2,4,2,0.5,0.5,1.0,0.0,0.0,0.0,0.5,0.0,0.0,0.5,-1.5592007637023926,0.0,-3.118401527404785,-2.7940722465515138,0.0,0.0,0.5,2.23072841,3.623160375,negative_tail_support_agree_mix_hybrid
round13_shortlist,prototype_negative_tail_support_agree_mix_hybrid,2.5,stable_positive_v2_committee,1,2,1,2,1,0.5,0.5,1.0,0.0,0.0,0.0,0.5,0.0,0.0,0.5,-1.3790178298950195,-0.13790178298950206,-2.758035659790039,-2.758035659790039,0.0,0.0,0.5,2.40114515,3.555213665,negative_tail_support_agree_mix_hybrid
round13_shortlist,prototype_branchwise_max_negative_cleanup_support_agree_mix_hybrid,0.1,baseline_error_near_tie,2,144,3,4,1,0.02112676056338028,0.5,0.16666666666666666,0.3333333333333333,0.0,0.0,0.007042253521126761,0.0,0.020740883658113062,0.027783137179239824,-0.049860672211982836,0.0,-1.180035909016927,0.0,-0.007042253521126761,-0.16666666666666666,0.007042253521126761,0.7373441990255644,3.0863050949999993,branchwise_max_negative_cleanup_support_agree_mix_hybrid
round13_shortlist,prototype_branchwise_max_negative_cleanup_support_agree_mix_hybrid,0.1,hard_near_tie,2,1489,3,4,1,0.0018028846153846155,0.5,0.16666666666666666,0.3333333333333333,0.0,0.0,0.0006009615384615385,0.0,0.9038992067673575,0.9045001683058189,-0.004254937171936035,0.0,-1.180035909016927,0.0,-0.0006009615384615385,-0.16666666666666666,0.0006009615384615385,-0.8906062615033213,0.7163002137499986,branchwise_max_negative_cleanup_support_agree_mix_hybrid
round13_shortlist,prototype_branchwise_max_negative_cleanup_support_agree_mix_hybrid,0.1,high_headroom_near_tie,2,70,3,4,1,0.04285714285714286,0.5,0.16666666666666666,0.3333333333333333,0.0,0.0,0.014285714285714285,0.0,0.0,0.014285714285714285,-0.10114593505859375,0.0,-1.180035909016927,0.0,-0.014285714285714285,-0.16666666666666666,0.014285714285714285,1.7594156042857145,3.4175587549999986,branchwise_max_negative_cleanup_support_agree_mix_hybrid
round13_shortlist,prototype_branchwise_max_negative_cleanup_support_agree_mix_hybrid,0.1,large_gap_control,2,1921,2,0,0,0.0010412262729411256,0.0,0.0,1.0,0.0,0.0,0.0,0.0,0.9979175474541178,0.9984330113716435,-0.003551458575061916,0.0,-3.4449148178100586,-3.4449148178100586,0.0,0.0,0.0005154639175257732,-2.9244578020417844,-1.6102876975,branchwise_max_negative_cleanup_support_agree_mix_hybrid
round13_shortlist,prototype_branchwise_max_negative_cleanup_support_agree_mix_hybrid,0.1,overall,2,8683,10,4,1,0.0011516760700095966,0.5,0.1,0.9,0.0,0.0,0.00011510128913443831,0.0,0.9651026897677792,0.9659090619703856,-0.006124239999169905,0.0,-5.3166803359985355,-2.559512710571289,-0.00023020257826887662,-0.2,0.0008063722026062817,-2.3868791795223845,-0.0650478952500041,branchwise_max_negative_cleanup_support_agree_mix_hybrid
round13_shortlist,prototype_branchwise_max_negative_cleanup_support_agree_mix_hybrid,0.1,stable_near_tie,2,1436,3,4,1,0.001851851851851852,0.5,0.16666666666666666,0.3333333333333333,0.0,0.0,0.0006172839506172839,0.0,0.9160198004180965,0.9166370843687137,-0.00437050336672936,0.0,-1.180035909016927,0.0,-0.0006172839506172839,-0.16666666666666666,0.0006172839506172839,-0.8880501001470988,0.7422223079999998,branchwise_max_negative_cleanup_support_agree_mix_hybrid
round13_shortlist,prototype_branchwise_max_negative_cleanup_support_agree_mix_hybrid,0.1,stable_positive_v2,2,4,1,4,1,0.5,0.5,0.5,0.0,0.0,0.0,0.5,0.0,0.0,0.5,-3.5401077270507812,-3.5401077270507812,-3.5401077270507812,-3.5401077270507812,-0.5,-0.5,0.5,3.0579995966666664,3.423038685,branchwise_max_negative_cleanup_support_agree_mix_hybrid
round13_shortlist,prototype_branchwise_max_negative_cleanup_support_agree_mix_hybrid,0.1,stable_positive_v2_committee,2,2,0,2,0,0.0,0.0,0.0,0.0,0.0,0.0,0.0,0.0,0.0,0.0,0.0,0.0,0.0,0.0,0.0,0.0,0.0,0.41274624499999996,0.7064584144999999,branchwise_max_negative_cleanup_support_agree_mix_hybrid
round13_shortlist,prototype_branchwise_max_negative_cleanup_support_agree_mix_hybrid,0.25,baseline_error_near_tie,2,144,7,4,1,0.04910283619525371,0.5,0.08333333333333333,0.9166666666666667,0.0,0.0,0.007042253521126761,0.0,0.020740883658113062,0.027783137179239824,-0.049860672211982836,0.0,-0.5900179545084635,0.0,-0.007042253521126761,-0.08333333333333333,0.007042253521126761,0.7373441990255644,3.0863050949999993,branchwise_max_negative_cleanup_support_agree_mix_hybrid
round13_shortlist,prototype_branchwise_max_negative_cleanup_support_agree_mix_hybrid,0.25,hard_near_tie,2,1489,7,4,1,0.004366804238379581,0.5,0.08333333333333333,0.9166666666666667,0.0,0.0,0.0006009615384615385,0.0,0.9038992067673575,0.9045001683058189,-0.004254937171936035,0.0,-0.5900179545084635,0.0,-0.0006009615384615385,-0.08333333333333333,0.0006009615384615385,-0.8906062615033213,0.7163002137499986,branchwise_max_negative_cleanup_support_agree_mix_hybrid
round13_shortlist,prototype_branchwise_max_negative_cleanup_support_agree_mix_hybrid,0.25,high_headroom_near_tie,2,70,7,4,1,0.1,0.5,0.08333333333333333,0.9166666666666667,0.0,0.0,0.014285714285714285,0.0,0.0,0.014285714285714285,-0.10114593505859375,0.0,-0.5900179545084635,0.0,-0.014285714285714285,-0.08333333333333333,0.014285714285714285,1.7594156042857145,3.4175587549999986,branchwise_max_negative_cleanup_support_agree_mix_hybrid
round13_shortlist,prototype_branchwise_max_negative_cleanup_support_agree_mix_hybrid,0.25,large_gap_control,2,1921,2,0,0,0.0010412262729411256,0.0,0.0,1.0,0.0,0.0,0.0,0.0,0.9979175474541178,0.9984330113716435,-0.003551458575061916,0.0,-3.4449148178100586,-3.4449148178100586,0.0,0.0,0.0005154639175257732,-2.9244578020417844,-1.6102876975,branchwise_max_negative_cleanup_support_agree_mix_hybrid
round13_shortlist,prototype_branchwise_max_negative_cleanup_support_agree_mix_hybrid,0.25,overall,2,8683,22,4,1,0.0025336873540211125,0.5,0.045454545454545456,0.9545454545454546,0.0,0.0,0.00011510128913443831,0.0,0.9651026897677792,0.966254763744988,-0.00813355837355401,0.0,-3.209257646040483,0.0,-0.00023020257826887662,-0.09090909090909091,0.0011520739772087245,-2.3868791795223845,-0.0650478952500041,branchwise_max_negative_cleanup_support_agree_mix_hybrid
round13_shortlist,prototype_branchwise_max_negative_cleanup_support_agree_mix_hybrid,0.25,stable_near_tie,2,1436,7,4,1,0.004502425748432138,0.5,0.08333333333333333,0.9166666666666667,0.0,0.0,0.0006172839506172839,0.0,0.9160198004180965,0.9166370843687137,-0.00437050336672936,0.0,-0.5900179545084635,0.0,-0.0006172839506172839,-0.08333333333333333,0.0006172839506172839,-0.8880501001470988,0.7422223079999998,branchwise_max_negative_cleanup_support_agree_mix_hybrid
round13_shortlist,prototype_branchwise_max_negative_cleanup_support_agree_mix_hybrid,0.25,stable_positive_v2,2,4,1,4,1,0.5,0.5,0.5,0.0,0.0,0.0,0.5,0.0,0.0,0.5,-3.5401077270507812,-3.5401077270507812,-3.5401077270507812,-3.5401077270507812,-0.5,-0.5,0.5,3.0579995966666664,3.423038685,branchwise_max_negative_cleanup_support_agree_mix_hybrid
round13_shortlist,prototype_branchwise_max_negative_cleanup_support_agree_mix_hybrid,0.25,stable_positive_v2_committee,2,2,0,2,0,0.0,0.0,0.0,0.0,0.0,0.0,0.0,0.0,0.0,0.0,0.0,0.0,0.0,0.0,0.0,0.0,0.0,0.41274624499999996,0.7064584144999999,branchwise_max_negative_cleanup_support_agree_mix_hybrid
round13_shortlist,prototype_branchwise_max_negative_cleanup_support_agree_mix_hybrid,0.5,baseline_error_near_tie,2,144,16,4,1,0.11151842562222651,0.5,0.05,0.95,0.0,0.0,0.007042253521126761,0.0,0.020740883658113062,0.027783137179239824,-0.049860672211982836,0.0,-0.35401077270507814,0.0,-0.007042253521126761,-0.05,0.007042253521126761,0.7373441990255644,3.0863050949999993,branchwise_max_negative_cleanup_support_agree_mix_hybrid
round13_shortlist,prototype_branchwise_max_negative_cleanup_support_agree_mix_hybrid,0.5,hard_near_tie,2,1489,16,4,1,0.010575825430277484,0.5,0.05,0.95,0.0,0.0,0.0006009615384615385,0.0,0.9038992067673575,0.9045001683058189,-0.004254937171936035,0.0,-0.35401077270507814,0.0,-0.0006009615384615385,-0.05,0.0006009615384615385,-0.8906062615033213,0.7163002137499986,branchwise_max_negative_cleanup_support_agree_mix_hybrid
round13_shortlist,prototype_branchwise_max_negative_cleanup_support_agree_mix_hybrid,0.5,high_headroom_near_tie,2,70,16,4,1,0.22857142857142856,0.5,0.05,0.95,0.0,0.0,0.014285714285714285,0.0,0.0,0.014285714285714285,-0.10114593505859375,0.0,-0.35401077270507814,0.0,-0.014285714285714285,-0.05,0.014285714285714285,1.7594156042857145,3.4175587549999986,branchwise_max_negative_cleanup_support_agree_mix_hybrid
round13_shortlist,prototype_branchwise_max_negative_cleanup_support_agree_mix_hybrid,0.5,large_gap_control,2,1921,4,0,0,0.002082452545882251,0.0,0.0,1.0,0.0,0.0,0.0,0.0,0.9979175474541178,0.9989484752891693,-0.006480416563368336,0.0,-3.1430020332336426,-2.8712805271148683,0.0,0.0,0.0010309278350515464,-2.9244578020417844,-1.6102876975,branchwise_max_negative_cleanup_support_agree_mix_hybrid
round13_shortlist,prototype_branchwise_max_negative_cleanup_support_agree_mix_hybrid,0.5,overall,2,8683,44,4,1,0.005067374708042225,0.5,0.022727272727272728,0.9772727272727273,0.0,0.0,0.00011510128913443831,0.0,0.9651026897677792,0.9666004655195904,-0.009677317519332465,0.0,-1.9091002290899104,0.0,-0.00023020257826887662,-0.045454545454545456,0.0014977757518111676,-2.3868791795223845,-0.0650478952500041,branchwise_max_negative_cleanup_support_agree_mix_hybrid
round13_shortlist,prototype_branchwise_max_negative_cleanup_support_agree_mix_hybrid,0.5,stable_near_tie,2,1436,16,4,1,0.010965171774543446,0.5,0.05,0.95,0.0,0.0,0.0006172839506172839,0.0,0.9160198004180965,0.9166370843687137,-0.00437050336672936,0.0,-0.35401077270507814,0.0,-0.0006172839506172839,-0.05,0.0006172839506172839,-0.8880501001470988,0.7422223079999998,branchwise_max_negative_cleanup_support_agree_mix_hybrid
round13_shortlist,prototype_branchwise_max_negative_cleanup_support_agree_mix_hybrid,0.5,stable_positive_v2,2,4,1,4,1,0.5,0.5,0.5,0.0,0.0,0.0,0.5,0.0,0.0,0.5,-3.5401077270507812,-3.5401077270507812,-3.5401077270507812,-3.5401077270507812,-0.5,-0.5,0.5,3.0579995966666664,3.423038685,branchwise_max_negative_cleanup_support_agree_mix_hybrid
round13_shortlist,prototype_branchwise_max_negative_cleanup_support_agree_mix_hybrid,0.5,stable_positive_v2_committee,2,2,0,2,0,0.0,0.0,0.0,0.0,0.0,0.0,0.0,0.0,0.0,0.0,0.0,0.0,0.0,0.0,0.0,0.0,0.0,0.41274624499999996,0.7064584144999999,branchwise_max_negative_cleanup_support_agree_mix_hybrid
round13_shortlist,prototype_branchwise_max_negative_cleanup_support_agree_mix_hybrid,0.75,baseline_error_near_tie,2,144,26,4,1,0.18136214547559326,0.5,0.029411764705882353,0.9705882352941176,0.0,0.0,0.007042253521126761,0.0,0.020740883658113062,0.027783137179239824,-0.049860672211982836,0.0,-0.20824163100298712,0.0,-0.007042253521126761,-0.029411764705882353,0.007042253521126761,0.7373441990255644,3.0863050949999993,branchwise_max_negative_cleanup_support_agree_mix_hybrid
round13_shortlist,prototype_branchwise_max_negative_cleanup_support_agree_mix_hybrid,0.75,hard_near_tie,2,1489,26,4,1,0.017065661222339303,0.5,0.029411764705882353,0.9705882352941176,0.0,0.0,0.0006009615384615385,0.0,0.9038992067673575,0.9045001683058189,-0.004254937171936035,0.0,-0.20824163100298712,0.0,-0.0006009615384615385,-0.029411764705882353,0.0006009615384615385,-0.8906062615033213,0.7163002137499986,branchwise_max_negative_cleanup_support_agree_mix_hybrid
round13_shortlist,prototype_branchwise_max_negative_cleanup_support_agree_mix_hybrid,0.75,high_headroom_near_tie,2,70,26,4,1,0.37142857142857144,0.5,0.029411764705882353,0.9705882352941176,0.0,0.0,0.014285714285714285,0.0,0.0,0.014285714285714285,-0.10114593505859375,0.0,-0.20824163100298712,0.0,-0.014285714285714285,-0.029411764705882353,0.014285714285714285,1.7594156042857145,3.4175587549999986,branchwise_max_negative_cleanup_support_agree_mix_hybrid
round13_shortlist,prototype_branchwise_max_negative_cleanup_support_agree_mix_hybrid,0.75,large_gap_control,2,1921,4,0,0,0.002082452545882251,0.0,0.0,1.0,0.0,0.0,0.0,0.0,0.9979175474541178,0.9989484752891693,-0.006480416563368336,0.0,-3.1430020332336426,-2.8712805271148683,0.0,0.0,0.0010309278350515464,-2.9244578020417844,-1.6102876975,branchwise_max_negative_cleanup_support_agree_mix_hybrid
round13_shortlist,prototype_branchwise_max_negative_cleanup_support_agree_mix_hybrid,0.75,overall,2,8683,66,4,1,0.007601062062063337,0.5,0.015151515151515152,0.9848484848484849,0.0,0.0,0.00011510128913443831,0.0,0.9651026897677792,0.9670614012190604,-0.011692202766979059,0.0,-1.5376603675611091,0.0,-0.00023020257826887662,-0.030303030303030304,0.002073945376148572,-2.3868791795223845,-0.0650478952500041,branchwise_max_negative_cleanup_support_agree_mix_hybrid
round13_shortlist,prototype_branchwise_max_negative_cleanup_support_agree_mix_hybrid,0.75,stable_near_tie,2,1436,26,4,1,0.017682325563049738,0.5,0.029411764705882353,0.9705882352941176,0.0,0.0,0.0006172839506172839,0.0,0.9160198004180965,0.9166370843687137,-0.00437050336672936,0.0,-0.20824163100298712,0.0,-0.0006172839506172839,-0.029411764705882353,0.0006172839506172839,-0.8880501001470988,0.7422223079999998,branchwise_max_negative_cleanup_support_agree_mix_hybrid
round13_shortlist,prototype_branchwise_max_negative_cleanup_support_agree_mix_hybrid,0.75,stable_positive_v2,2,4,1,4,1,0.5,0.5,0.5,0.0,0.0,0.0,0.5,0.0,0.0,0.5,-3.5401077270507812,-3.5401077270507812,-3.5401077270507812,-3.5401077270507812,-0.5,-0.5,0.5,3.0579995966666664,3.423038685,branchwise_max_negative_cleanup_support_agree_mix_hybrid
round13_shortlist,prototype_branchwise_max_negative_cleanup_support_agree_mix_hybrid,0.75,stable_positive_v2_committee,2,2,0,2,0,0.0,0.0,0.0,0.0,0.0,0.0,0.0,0.0,0.0,0.0,0.0,0.0,0.0,0.0,0.0,0.0,0.0,0.41274624499999996,0.7064584144999999,branchwise_max_negative_cleanup_support_agree_mix_hybrid
round13_shortlist,prototype_branchwise_max_negative_cleanup_support_agree_mix_hybrid,1.0,baseline_error_near_tie,2,144,35,4,2,0.24397067335519967,0.6666666666666666,0.06118881118881119,0.9388111888111889,0.0,0.0,0.013891568589619912,0.0,0.020740883658113062,0.034632452247732974,-0.07368784615047277,0.0,-0.294712733555507,0.0,-0.007042253521126761,-0.022727272727272728,0.013891568589619912,0.7373441990255644,3.0863050949999993,branchwise_max_negative_cleanup_support_agree_mix_hybrid
round13_shortlist,prototype_branchwise_max_negative_cleanup_support_agree_mix_hybrid,1.0,hard_near_tie,2,1489,35,4,2,0.023114608945088398,0.6666666666666666,0.06118881118881119,0.9388111888111889,0.0,0.0,0.0013619965460718885,0.0,0.9038992067673575,0.9052612033134293,-0.006902400942879362,0.0,-0.294712733555507,0.0,-0.0006009615384615385,-0.022727272727272728,0.0013619965460718885,-0.8906062615033213,0.7163002137499986,branchwise_max_negative_cleanup_support_agree_mix_hybrid
round13_shortlist,prototype_branchwise_max_negative_cleanup_support_agree_mix_hybrid,1.0,high_headroom_near_tie,2,70,34,4,2,0.4857142857142857,0.6666666666666666,0.06227106227106227,0.9377289377289377,0.0,0.0,0.02857142857142857,0.0,0.0,0.02857142857142857,-0.15084261213030134,0.0,-0.30237530439327925,0.0,-0.014285714285714285,-0.023809523809523808,0.02857142857142857,1.7594156042857145,3.4175587549999986,branchwise_max_negative_cleanup_support_agree_mix_hybrid
round13_shortlist,prototype_branchwise_max_negative_cleanup_support_agree_mix_hybrid,1.0,large_gap_control,2,1921,4,0,0,0.002082452545882251,0.0,0.0,1.0,0.0,0.0,0.0,0.0,0.9979175474541178,0.9989484752891693,-0.006480416563368336,0.0,-3.1430020332336426,-2.8712805271148683,0.0,0.0,0.0010309278350515464,-2.9244578020417844,-1.6102876975,branchwise_max_negative_cleanup_support_agree_mix_hybrid
round13_shortlist,prototype_branchwise_max_negative_cleanup_support_agree_mix_hybrid,1.0,overall,2,8683,88,4,2,0.01013474941608445,0.6666666666666666,0.022727272727272728,0.9772727272727273,0.0,0.0,0.0002303352140019193,0.0,0.9651026897677792,0.9675223369185303,-0.013392262517499302,0.0,-1.3208943497050891,0.0,-0.00023020257826887662,-0.022727272727272728,0.0025348810756184964,-2.3868791795223845,-0.0650478952500041,branchwise_max_negative_cleanup_support_agree_mix_hybrid
round13_shortlist,prototype_branchwise_max_negative_cleanup_support_agree_mix_hybrid,1.0,stable_near_tie,2,1436,35,4,2,0.023963633495049895,0.6666666666666666,0.06118881118881119,0.9388111888111889,0.0,0.0,0.0014160059953457183,0.0,0.9160198004180965,0.9174358064134422,-0.00714907157361397,0.0,-0.294712733555507,0.0,-0.0006172839506172839,-0.022727272727272728,0.0014160059953457183,-0.8880501001470988,0.7422223079999998,branchwise_max_negative_cleanup_support_agree_mix_hybrid
round13_shortlist,prototype_branchwise_max_negative_cleanup_support_agree_mix_hybrid,1.0,stable_positive_v2,2,4,2,4,2,0.6666666666666666,0.6666666666666666,1.0,0.0,0.0,0.0,0.6666666666666666,0.0,0.0,0.6666666666666666,-4.11990229288737,-3.5401077270507812,-5.279491424560547,-5.279491424560547,-0.5,-0.5,0.6666666666666666,3.0579995966666664,3.423038685,branchwise_max_negative_cleanup_support_agree_mix_hybrid
round13_shortlist,prototype_branchwise_max_negative_cleanup_support_agree_mix_hybrid,1.0,stable_positive_v2_committee,2,2,0,2,0,0.0,0.0,0.0,0.0,0.0,0.0,0.0,0.0,0.0,0.0,0.0,0.0,0.0,0.0,0.0,0.0,0.0,0.41274624499999996,0.7064584144999999,branchwise_max_negative_cleanup_support_agree_mix_hybrid
round13_shortlist,prototype_branchwise_max_negative_cleanup_support_agree_mix_hybrid,1.25,baseline_error_near_tie,2,144,43,4,3,0.29953694771367934,0.8333333333333333,0.07805429864253394,0.9219457013574661,0.0,0.0,0.020740883658113062,0.0,0.020740883658113062,0.041481767316226124,-0.09257850135451415,0.0,-0.3195933734669405,0.0,-0.007042253521126761,-0.019230769230769232,0.020740883658113062,0.7373441990255644,3.0863050949999993,branchwise_max_negative_cleanup_support_agree_mix_hybrid
round13_shortlist,prototype_branchwise_max_negative_cleanup_support_agree_mix_hybrid,1.25,hard_near_tie,2,1489,43,4,3,0.02856259512937595,0.8333333333333333,0.07805429864253394,0.9219457013574661,0.0,0.0,0.0021230315536822386,0.0,0.9038992067673575,0.9060222383210397,-0.009001362632217291,0.0,-0.3195933734669405,0.0,-0.0006009615384615385,-0.019230769230769232,0.0021230315536822386,-0.8906062615033213,0.7163002137499986,branchwise_max_negative_cleanup_support_agree_mix_hybrid
round13_shortlist,prototype_branchwise_max_negative_cleanup_support_agree_mix_hybrid,1.25,high_headroom_near_tie,2,70,42,4,3,0.6,0.8333333333333333,0.07882352941176471,0.9211764705882353,0.0,0.0,0.04285714285714286,0.0,0.0,0.04285714285714286,-0.1902431215558733,0.0,-0.32503969304701863,0.0,-0.014285714285714285,-0.02,0.04285714285714286,1.7594156042857145,3.4175587549999986,branchwise_max_negative_cleanup_support_agree_mix_hybrid
round13_shortlist,prototype_branchwise_max_negative_cleanup_support_agree_mix_hybrid,1.25,large_gap_control,2,1921,4,0,0,0.002082452545882251,0.0,0.0,1.0,0.0,0.0,0.0,0.0,0.9979175474541178,0.9989484752891693,-0.006480416563368336,0.0,-3.1430020332336426,-2.8712805271148683,0.0,0.0,0.0010309278350515464,-2.9244578020417844,-1.6102876975,branchwise_max_negative_cleanup_support_agree_mix_hybrid
round13_shortlist,prototype_branchwise_max_negative_cleanup_support_agree_mix_hybrid,1.25,overall,2,8683,110,4,3,0.01266843677010556,0.8333333333333333,0.02727272727272727,0.9727272727272727,0.0,0.0,0.00034556913886940024,0.0,0.9651026897677792,0.9680985065428677,-0.015184523606429506,0.0,-1.198108586398038,0.0,-0.00023020257826887662,-0.01818181818181818,0.003111050699955901,-2.3868791795223845,-0.0650478952500041,branchwise_max_negative_cleanup_support_agree_mix_hybrid
round13_shortlist,prototype_branchwise_max_negative_cleanup_support_agree_mix_hybrid,1.25,stable_near_tie,2,1436,43,4,3,0.02962765747643277,0.8333333333333333,0.07805429864253394,0.9219457013574661,0.0,0.0,0.0022147280400741528,0.0,0.9160198004180965,0.9182345284581706,-0.009351975455235407,0.0,-0.3195933734669405,0.0,-0.0006172839506172839,-0.019230769230769232,0.0022147280400741528,-0.8880501001470988,0.7422223079999998,branchwise_max_negative_cleanup_support_agree_mix_hybrid
round13_shortlist,prototype_branchwise_max_negative_cleanup_support_agree_mix_hybrid,1.25,stable_positive_v2,2,4,3,4,3,0.8333333333333333,0.8333333333333333,1.0,0.0,0.0,0.0,0.8333333333333333,0.0,0.0,0.8333333333333333,-4.579574902852376,-3.678009510040283,-5.099308490753174,-4.937143850326538,-0.5,-0.5,0.8333333333333333,3.0579995966666664,3.423038685,branchwise_max_negative_cleanup_support_agree_mix_hybrid
round13_shortlist,prototype_branchwise_max_negative_cleanup_support_agree_mix_hybrid,1.25,stable_positive_v2_committee,2,2,1,2,1,0.25,0.25,0.5,0.0,0.0,0.0,0.25,0.0,0.0,0.25,-0.6895089149475098,-0.06895089149475103,-1.3790178298950195,-1.3790178298950195,0.0,0.0,0.25,0.41274624499999996,0.7064584144999999,branchwise_max_negative_cleanup_support_agree_mix_hybrid
round13_shortlist,prototype_branchwise_max_negative_cleanup_support_agree_mix_hybrid,1.5,baseline_error_near_tie,2,144,53,4,3,0.3688018522091453,0.8333333333333333,0.06014492753623188,0.9398550724637681,0.0,0.0,0.020740883658113062,0.0,0.020740883658113062,0.041481767316226124,-0.09257850135451415,0.0,-0.25358626600624856,0.0,-0.007042253521126761,-0.016666666666666666,0.020740883658113062,0.7373441990255644,3.0863050949999993,branchwise_max_negative_cleanup_support_agree_mix_hybrid
round13_shortlist,prototype_branchwise_max_negative_cleanup_support_agree_mix_hybrid,1.5,hard_near_tie,2,1489,54,4,3,0.036133612867345746,0.8333333333333333,0.05960729312762973,0.9403927068723703,0.0,0.0,0.0021230315536822386,0.0,0.9038992067673575,0.9060222383210397,-0.009001362632217291,0.0,-0.2497796985578069,0.0,-0.0006009615384615385,-0.016129032258064516,0.0021230315536822386,-0.8906062615033213,0.7163002137499986,branchwise_max_negative_cleanup_support_agree_mix_hybrid
round13_shortlist,prototype_branchwise_max_negative_cleanup_support_agree_mix_hybrid,1.5,high_headroom_near_tie,2,70,50,4,3,0.7142857142857143,0.8333333333333333,0.061996779388083734,0.9380032206119162,0.0,0.0,0.04285714285714286,0.0,0.0,0.04285714285714286,-0.1902431215558733,0.0,-0.26669777610643663,0.0,-0.014285714285714285,-0.018518518518518517,0.04285714285714286,1.7594156042857145,3.4175587549999986,branchwise_max_negative_cleanup_support_agree_mix_hybrid
round13_shortlist,prototype_branchwise_max_negative_cleanup_support_agree_mix_hybrid,1.5,large_gap_control,2,1921,4,0,0,0.002082452545882251,0.0,0.0,1.0,0.0,0.0,0.0,0.0,0.9979175474541178,0.9989484752891693,-0.006480416563368336,0.0,-3.1430020332336426,-2.8712805271148683,0.0,0.0,0.0010309278350515464,-2.9244578020417844,-1.6102876975,branchwise_max_negative_cleanup_support_agree_mix_hybrid
round13_shortlist,prototype_branchwise_max_negative_cleanup_support_agree_mix_hybrid,1.5,overall,2,8683,132,4,3,0.015202124124126673,0.8333333333333333,0.022727272727272728,0.9772727272727273,0.0,0.0,0.00034556913886940024,0.0,0.9651026897677792,0.9682137404677351,-0.015444674267049617,0.0,-1.0155267570957993,0.0,-0.00023020257826887662,-0.015151515151515152,0.003226284624823382,-2.3868791795223845,-0.0650478952500041,branchwise_max_negative_cleanup_support_agree_mix_hybrid
round13_shortlist,prototype_branchwise_max_negative_cleanup_support_agree_mix_hybrid,1.5,stable_near_tie,2,1436,54,4,3,0.037506409497889796,0.8333333333333333,0.05960729312762973,0.9403927068723703,0.0,0.0,0.0022147280400741528,0.0,0.9160198004180965,0.9182345284581706,-0.009351975455235407,0.0,-0.2497796985578069,0.0,-0.0006172839506172839,-0.016129032258064516,0.0022147280400741528,-0.8880501001470988,0.7422223079999998,branchwise_max_negative_cleanup_support_agree_mix_hybrid
round13_shortlist,prototype_branchwise_max_negative_cleanup_support_agree_mix_hybrid,1.5,stable_positive_v2,2,4,3,4,3,0.8333333333333333,0.8333333333333333,1.0,0.0,0.0,0.0,0.8333333333333333,0.0,0.0,0.8333333333333333,-4.579574902852376,-3.678009510040283,-5.099308490753174,-4.937143850326538,-0.5,-0.5,0.8333333333333333,3.0579995966666664,3.423038685,branchwise_max_negative_cleanup_support_agree_mix_hybrid
round13_shortlist,prototype_branchwise_max_negative_cleanup_support_agree_mix_hybrid,1.5,stable_positive_v2_committee,2,2,1,2,1,0.25,0.25,0.5,0.0,0.0,0.0,0.25,0.0,0.0,0.25,-0.6895089149475098,-0.06895089149475103,-1.3790178298950195,-1.3790178298950195,0.0,0.0,0.25,0.41274624499999996,0.7064584144999999,branchwise_max_negative_cleanup_support_agree_mix_hybrid
round13_shortlist,prototype_branchwise_max_negative_cleanup_support_agree_mix_hybrid,2.0,baseline_error_near_tie,2,144,64,4,3,0.44472313332047075,0.8333333333333333,0.04740957966764418,0.9525904203323559,0.0,0.0,0.020740883658113062,0.0,0.020740883658113062,0.041481767316226124,-0.09257850135451415,0.0,-0.20786958938703043,0.0,-0.007042253521126761,-0.015151515151515152,0.020740883658113062,0.7373441990255644,3.0863050949999993,branchwise_max_negative_cleanup_support_agree_mix_hybrid
round13_shortlist,prototype_branchwise_max_negative_cleanup_support_agree_mix_hybrid,2.0,hard_near_tie,2,1489,68,4,3,0.04582766215899778,0.8333333333333333,0.045771578029642546,0.9542284219703574,0.0,0.0,0.0021230315536822386,0.0,0.9038992067673575,0.9060222383210397,-0.009001362632217291,0.0,-0.19627218487580755,0.0,-0.0006009615384615385,-0.013513513513513514,0.0021230315536822386,-0.8906062615033213,0.7163002137499986,branchwise_max_negative_cleanup_support_agree_mix_hybrid
round13_shortlist,prototype_branchwise_max_negative_cleanup_support_agree_mix_hybrid,2.0,high_headroom_near_tie,2,70,56,4,3,0.8,0.8333333333333333,0.05357142857142857,0.9464285714285714,0.0,0.0,0.04285714285714286,0.0,0.0,0.04285714285714286,-0.1902431215558733,0.0,-0.23780390194484166,0.0,-0.014285714285714285,-0.017857142857142856,0.04285714285714286,1.7594156042857145,3.4175587549999986,branchwise_max_negative_cleanup_support_agree_mix_hybrid
round13_shortlist,prototype_branchwise_max_negative_cleanup_support_agree_mix_hybrid,2.0,large_gap_control,2,1921,4,0,0,0.002082452545882251,0.0,0.0,1.0,0.0,0.0,0.0,0.0,0.9979175474541178,0.9989484752891693,-0.006480416563368336,0.0,-3.1430020332336426,-2.8712805271148683,0.0,0.0,0.0010309278350515464,-2.9244578020417844,-1.6102876975,branchwise_max_negative_cleanup_support_agree_mix_hybrid
round13_shortlist,prototype_branchwise_max_negative_cleanup_support_agree_mix_hybrid,2.0,overall,2,8683,174,4,3,0.020039163618166978,0.8333333333333333,0.017241379310344827,0.9827586206896552,0.0,0.0,0.00034556913886940024,0.0,0.9651026897677792,0.9685594422423376,-0.01617292340480671,0.0,-0.806719988241963,0.0,-0.00023020257826887662,-0.011494252873563218,0.003571986399425825,-2.3868791795223845,-0.0650478952500041,branchwise_max_negative_cleanup_support_agree_mix_hybrid
round13_shortlist,prototype_branchwise_max_negative_cleanup_support_agree_mix_hybrid,2.0,stable_near_tie,2,1436,68,4,3,0.047599889559420974,0.8333333333333333,0.045771578029642546,0.9542284219703574,0.0,0.0,0.0022147280400741528,0.0,0.9160198004180965,0.9182345284581706,-0.009351975455235407,0.0,-0.19627218487580755,0.0,-0.0006172839506172839,-0.013513513513513514,0.0022147280400741528,-0.8880501001470988,0.7422223079999998,branchwise_max_negative_cleanup_support_agree_mix_hybrid
round13_shortlist,prototype_branchwise_max_negative_cleanup_support_agree_mix_hybrid,2.0,stable_positive_v2,2,4,3,4,3,0.8333333333333333,0.8333333333333333,1.0,0.0,0.0,0.0,0.8333333333333333,0.0,0.0,0.8333333333333333,-4.579574902852376,-3.678009510040283,-5.099308490753174,-4.937143850326538,-0.5,-0.5,0.8333333333333333,3.0579995966666664,3.423038685,branchwise_max_negative_cleanup_support_agree_mix_hybrid
round13_shortlist,prototype_branchwise_max_negative_cleanup_support_agree_mix_hybrid,2.0,stable_positive_v2_committee,2,2,1,2,1,0.25,0.25,0.5,0.0,0.0,0.0,0.25,0.0,0.0,0.25,-0.6895089149475098,-0.06895089149475103,-1.3790178298950195,-1.3790178298950195,0.0,0.0,0.25,0.41274624499999996,0.7064584144999999,branchwise_max_negative_cleanup_support_agree_mix_hybrid
round13_shortlist,prototype_branchwise_max_negative_cleanup_support_agree_mix_hybrid,2.5,baseline_error_near_tie,2,144,75,4,3,0.5204514759791626,0.8333333333333333,0.039285714285714285,0.9607142857142856,0.0,0.0,0.020740883658113062,0.0,0.020740883658113062,0.041481767316226124,-0.09257850135451415,0.0,-0.17910597324371336,0.0,-0.007042253521126761,-0.014285714285714285,0.020740883658113062,0.7373441990255644,3.0863050949999993,branchwise_max_negative_cleanup_support_agree_mix_hybrid
round13_shortlist,prototype_branchwise_max_negative_cleanup_support_agree_mix_hybrid,2.5,hard_near_tie,2,1489,88,4,3,0.05928755415056785,0.8333333333333333,0.035416666666666666,0.9645833333333333,0.0,0.0,0.0021230315536822386,0.0,0.9038992067673575,0.9060222383210397,-0.009001362632217291,0.0,-0.15171228249867758,0.0,-0.0006009615384615385,-0.010416666666666666,0.0021230315536822386,-0.8906062615033213,0.7163002137499986,branchwise_max_negative_cleanup_support_agree_mix_hybrid
round13_shortlist,prototype_branchwise_max_negative_cleanup_support_agree_mix_hybrid,2.5,high_headroom_near_tie,2,70,58,4,3,0.8285714285714285,0.8333333333333333,0.05119047619047619,0.9488095238095238,0.0,0.0,0.04285714285714286,0.0,0.0,0.04285714285714286,-0.1902431215558733,0.0,-0.23037913640340169,0.0,-0.014285714285714285,-0.017857142857142856,0.04285714285714286,1.7594156042857145,3.4175587549999986,branchwise_max_negative_cleanup_support_agree_mix_hybrid
round13_shortlist,prototype_branchwise_max_negative_cleanup_support_agree_mix_hybrid,2.5,large_gap_control,2,1921,5,0,0,0.002608214901297603,0.0,0.0,1.0,0.0,0.0,0.0,0.0,0.9979175474541178,0.9989484752891693,-0.006480416563368336,0.0,-3.1430020332336426,-2.8712805271148683,0.0,0.0,0.0010309278350515464,-2.9244578020417844,-1.6102876975,branchwise_max_negative_cleanup_support_agree_mix_hybrid
round13_shortlist,prototype_branchwise_max_negative_cleanup_support_agree_mix_hybrid,2.5,overall,2,8683,218,4,3,0.025106538326209203,0.8333333333333333,0.013761467889908258,0.9862385321100917,0.0,0.0,0.00034556913886940024,0.0,0.9651026897677792,0.9687899100920725,-0.016542999921251123,0.0,-0.6586275319440649,0.0,-0.00023020257826887662,-0.009174311926605505,0.003802454249160787,-2.3868791795223845,-0.0650478952500041,branchwise_max_negative_cleanup_support_agree_mix_hybrid
round13_shortlist,prototype_branchwise_max_negative_cleanup_support_agree_mix_hybrid,2.5,stable_near_tie,2,1436,86,4,3,0.06016250542342129,0.8333333333333333,0.03627932351336607,0.963720676486634,0.0,0.0,0.0022147280400741528,0.0,0.9160198004180965,0.9182345284581706,-0.009351975455235407,0.0,-0.15528045452428008,0.0,-0.0006172839506172839,-0.010638297872340425,0.0022147280400741528,-0.8880501001470988,0.7422223079999998,branchwise_max_negative_cleanup_support_agree_mix_hybrid
round13_shortlist,prototype_branchwise_max_negative_cleanup_support_agree_mix_hybrid,2.5,stable_positive_v2,2,4,3,4,3,0.8333333333333333,0.8333333333333333,1.0,0.0,0.0,0.0,0.8333333333333333,0.0,0.0,0.8333333333333333,-4.579574902852376,-3.678009510040283,-5.099308490753174,-4.937143850326538,-0.5,-0.5,0.8333333333333333,3.0579995966666664,3.423038685,branchwise_max_negative_cleanup_support_agree_mix_hybrid
round13_shortlist,prototype_branchwise_max_negative_cleanup_support_agree_mix_hybrid,2.5,stable_positive_v2_committee,2,2,1,2,1,0.25,0.25,0.5,0.0,0.0,0.0,0.25,0.0,0.0,0.25,-0.6895089149475098,-0.06895089149475103,-1.3790178298950195,-1.3790178298950195,0.0,0.0,0.25,0.41274624499999996,0.7064584144999999,branchwise_max_negative_cleanup_support_agree_mix_hybrid
