variant,split,budget_pct,slice,decisions,coverage,defer_precision,false_positive_rate,harmful_selection_rate,correction_rate,new_error_rate,base_target_match,system_target_match,mean_delta_regret,mean_delta_miss
knn_v2,round11_feature_cache_seed315,0.1,overall,4344,0.0011510128913443832,0.0,1.0,0.0,0.0,0.0,0.9677716390423573,0.9677716390423573,0.0,0.0
knn_v2,round11_feature_cache_seed315,0.1,stable_positive_v2,1,0.0,0.0,0.0,0.0,0.0,0.0,0.0,0.0,0.0,0.0
knn_v2,round11_feature_cache_seed315,0.1,stable_positive_v2_committee,0,0.0,0.0,0.0,0.0,0.0,0.0,0.0,0.0,0.0,0.0
knn_v2,round11_feature_cache_seed315,0.1,hard_near_tie,832,0.003605769230769231,0.0,1.0,0.0,0.0,0.0,0.9158653846153846,0.9158653846153846,0.0,0.0
knn_v2,round11_feature_cache_seed315,0.1,high_headroom_near_tie,35,0.0,0.0,0.0,0.0,0.0,0.0,0.0,0.0,0.0,0.0
knn_v2,round11_feature_cache_seed315,0.1,baseline_error_near_tie,71,0.0,0.0,0.0,0.0,0.0,0.0,0.014084507042253521,0.014084507042253521,0.0,0.0
knn_v2,round11_feature_cache_seed315,0.1,large_gap_control,951,0.0,0.0,0.0,0.0,0.0,0.0,0.9978969505783386,0.9978969505783386,0.0,0.0
knn_v2,round11_feature_cache_seed315,0.25,overall,4344,0.0025322283609576428,0.0,1.0,0.0,0.0,0.0,0.9677716390423573,0.9677716390423573,0.0,0.0
knn_v2,round11_feature_cache_seed315,0.25,stable_positive_v2,1,0.0,0.0,0.0,0.0,0.0,0.0,0.0,0.0,0.0,0.0
knn_v2,round11_feature_cache_seed315,0.25,stable_positive_v2_committee,0,0.0,0.0,0.0,0.0,0.0,0.0,0.0,0.0,0.0,0.0
knn_v2,round11_feature_cache_seed315,0.25,hard_near_tie,832,0.008413461538461538,0.0,1.0,0.0,0.0,0.0,0.9158653846153846,0.9158653846153846,0.0,0.0
knn_v2,round11_feature_cache_seed315,0.25,high_headroom_near_tie,35,0.0,0.0,0.0,0.0,0.0,0.0,0.0,0.0,0.0,0.0
knn_v2,round11_feature_cache_seed315,0.25,baseline_error_near_tie,71,0.0,0.0,0.0,0.0,0.0,0.0,0.014084507042253521,0.014084507042253521,0.0,0.0
knn_v2,round11_feature_cache_seed315,0.25,large_gap_control,951,0.0,0.0,0.0,0.0,0.0,0.0,0.9978969505783386,0.9978969505783386,0.0,0.0
knn_v2,round11_feature_cache_seed315,0.5,overall,4344,0.0050644567219152855,0.0,1.0,0.0,0.0,0.0,0.9677716390423573,0.9677716390423573,0.0,0.0
knn_v2,round11_feature_cache_seed315,0.5,stable_positive_v2,1,0.0,0.0,0.0,0.0,0.0,0.0,0.0,0.0,0.0,0.0
knn_v2,round11_feature_cache_seed315,0.5,stable_positive_v2_committee,0,0.0,0.0,0.0,0.0,0.0,0.0,0.0,0.0,0.0,0.0
knn_v2,round11_feature_cache_seed315,0.5,hard_near_tie,832,0.014423076923076924,0.0,1.0,0.0,0.0,0.0,0.9158653846153846,0.9158653846153846,0.0,0.0
knn_v2,round11_feature_cache_seed315,0.5,high_headroom_near_tie,35,0.0,0.0,0.0,0.0,0.0,0.0,0.0,0.0,0.0,0.0
knn_v2,round11_feature_cache_seed315,0.5,baseline_error_near_tie,71,0.0,0.0,0.0,0.0,0.0,0.0,0.014084507042253521,0.014084507042253521,0.0,0.0
knn_v2,round11_feature_cache_seed315,0.5,large_gap_control,951,0.0,0.0,0.0,0.0,0.0,0.0,0.9978969505783386,0.9978969505783386,0.0,0.0
knn_v2,round11_feature_cache_seed315,0.75,overall,4344,0.007596685082872928,0.0,1.0,0.0,0.0,0.0,0.9677716390423573,0.9677716390423573,0.0,0.0
knn_v2,round11_feature_cache_seed315,0.75,stable_positive_v2,1,0.0,0.0,0.0,0.0,0.0,0.0,0.0,0.0,0.0,0.0
knn_v2,round11_feature_cache_seed315,0.75,stable_positive_v2_committee,0,0.0,0.0,0.0,0.0,0.0,0.0,0.0,0.0,0.0,0.0
knn_v2,round11_feature_cache_seed315,0.75,hard_near_tie,832,0.026442307692307692,0.0,1.0,0.0,0.0,0.0,0.9158653846153846,0.9158653846153846,0.0,0.0
knn_v2,round11_feature_cache_seed315,0.75,high_headroom_near_tie,35,0.0,0.0,0.0,0.0,0.0,0.0,0.0,0.0,0.0,0.0
knn_v2,round11_feature_cache_seed315,0.75,baseline_error_near_tie,71,0.0,0.0,0.0,0.0,0.0,0.0,0.014084507042253521,0.014084507042253521,0.0,0.0
knn_v2,round11_feature_cache_seed315,0.75,large_gap_control,951,0.0,0.0,0.0,0.0,0.0,0.0,0.9978969505783386,0.9978969505783386,0.0,0.0
knn_v2,round11_feature_cache_seed315,1.0,overall,4344,0.010128913443830571,0.0,1.0,0.0,0.0,0.0,0.9677716390423573,0.9677716390423573,0.0,0.0
knn_v2,round11_feature_cache_seed315,1.0,stable_positive_v2,1,0.0,0.0,0.0,0.0,0.0,0.0,0.0,0.0,0.0,0.0
knn_v2,round11_feature_cache_seed315,1.0,stable_positive_v2_committee,0,0.0,0.0,0.0,0.0,0.0,0.0,0.0,0.0,0.0,0.0
knn_v2,round11_feature_cache_seed315,1.0,hard_near_tie,832,0.03245192307692308,0.0,1.0,0.0,0.0,0.0,0.9158653846153846,0.9158653846153846,0.0,0.0
knn_v2,round11_feature_cache_seed315,1.0,high_headroom_near_tie,35,0.0,0.0,0.0,0.0,0.0,0.0,0.0,0.0,0.0,0.0
knn_v2,round11_feature_cache_seed315,1.0,baseline_error_near_tie,71,0.0,0.0,0.0,0.0,0.0,0.0,0.014084507042253521,0.014084507042253521,0.0,0.0
knn_v2,round11_feature_cache_seed315,1.0,large_gap_control,951,0.0,0.0,0.0,0.0,0.0,0.0,0.9978969505783386,0.9978969505783386,0.0,0.0
knn_v2,round11_feature_cache_seed315,1.5,overall,4344,0.015193370165745856,0.0,1.0,0.0,0.0,0.0,0.9677716390423573,0.9677716390423573,0.0,0.0
knn_v2,round11_feature_cache_seed315,1.5,stable_positive_v2,1,0.0,0.0,0.0,0.0,0.0,0.0,0.0,0.0,0.0,0.0
knn_v2,round11_feature_cache_seed315,1.5,stable_positive_v2_committee,0,0.0,0.0,0.0,0.0,0.0,0.0,0.0,0.0,0.0,0.0
knn_v2,round11_feature_cache_seed315,1.5,hard_near_tie,832,0.04567307692307692,0.0,1.0,0.0,0.0,0.0,0.9158653846153846,0.9158653846153846,0.0,0.0
knn_v2,round11_feature_cache_seed315,1.5,high_headroom_near_tie,35,0.0,0.0,0.0,0.0,0.0,0.0,0.0,0.0,0.0,0.0
knn_v2,round11_feature_cache_seed315,1.5,baseline_error_near_tie,71,0.0,0.0,0.0,0.0,0.0,0.0,0.014084507042253521,0.014084507042253521,0.0,0.0
knn_v2,round11_feature_cache_seed315,1.5,large_gap_control,951,0.0031545741324921135,0.0,1.0,0.0,0.0,0.0,0.9978969505783386,0.9978969505783386,0.0,0.0
knn_v2,round11_feature_cache_seed315,2.0,overall,4344,0.020027624309392266,0.0,1.0,0.0,0.0,0.0,0.9677716390423573,0.9677716390423573,0.0,0.0
knn_v2,round11_feature_cache_seed315,2.0,stable_positive_v2,1,0.0,0.0,0.0,0.0,0.0,0.0,0.0,0.0,0.0,0.0
knn_v2,round11_feature_cache_seed315,2.0,stable_positive_v2_committee,0,0.0,0.0,0.0,0.0,0.0,0.0,0.0,0.0,0.0,0.0
knn_v2,round11_feature_cache_seed315,2.0,hard_near_tie,832,0.054086538461538464,0.0,1.0,0.0,0.0,0.0,0.9158653846153846,0.9158653846153846,0.0,0.0
knn_v2,round11_feature_cache_seed315,2.0,high_headroom_near_tie,35,0.0,0.0,0.0,0.0,0.0,0.0,0.0,0.0,0.0,0.0
knn_v2,round11_feature_cache_seed315,2.0,baseline_error_near_tie,71,0.0,0.0,0.0,0.0,0.0,0.0,0.014084507042253521,0.014084507042253521,0.0,0.0
knn_v2,round11_feature_cache_seed315,2.0,large_gap_control,951,0.007360672975814932,0.0,1.0,0.0,0.0,0.0,0.9978969505783386,0.9978969505783386,0.0,0.0
prototype_committee,round11_feature_cache_seed315,0.1,overall,4344,0.0011510128913443832,0.0,1.0,0.0,0.0,0.0,0.9677716390423573,0.9677716390423573,0.0,0.0
prototype_committee,round11_feature_cache_seed315,0.1,stable_positive_v2,1,0.0,0.0,0.0,0.0,0.0,0.0,0.0,0.0,0.0,0.0
prototype_committee,round11_feature_cache_seed315,0.1,stable_positive_v2_committee,0,0.0,0.0,0.0,0.0,0.0,0.0,0.0,0.0,0.0,0.0
prototype_committee,round11_feature_cache_seed315,0.1,hard_near_tie,832,0.003605769230769231,0.0,1.0,0.0,0.0,0.0,0.9158653846153846,0.9158653846153846,0.0,0.0
prototype_committee,round11_feature_cache_seed315,0.1,high_headroom_near_tie,35,0.0,0.0,0.0,0.0,0.0,0.0,0.0,0.0,0.0,0.0
prototype_committee,round11_feature_cache_seed315,0.1,baseline_error_near_tie,71,0.0,0.0,0.0,0.0,0.0,0.0,0.014084507042253521,0.014084507042253521,0.0,0.0
prototype_committee,round11_feature_cache_seed315,0.1,large_gap_control,951,0.0,0.0,0.0,0.0,0.0,0.0,0.9978969505783386,0.9978969505783386,0.0,0.0
prototype_committee,round11_feature_cache_seed315,0.25,overall,4344,0.0025322283609576428,0.0,1.0,0.0,0.0,0.0,0.9677716390423573,0.9677716390423573,0.0,0.0
prototype_committee,round11_feature_cache_seed315,0.25,stable_positive_v2,1,0.0,0.0,0.0,0.0,0.0,0.0,0.0,0.0,0.0,0.0
prototype_committee,round11_feature_cache_seed315,0.25,stable_positive_v2_committee,0,0.0,0.0,0.0,0.0,0.0,0.0,0.0,0.0,0.0,0.0
prototype_committee,round11_feature_cache_seed315,0.25,hard_near_tie,832,0.008413461538461538,0.0,1.0,0.0,0.0,0.0,0.9158653846153846,0.9158653846153846,0.0,0.0
prototype_committee,round11_feature_cache_seed315,0.25,high_headroom_near_tie,35,0.0,0.0,0.0,0.0,0.0,0.0,0.0,0.0,0.0,0.0
prototype_committee,round11_feature_cache_seed315,0.25,baseline_error_near_tie,71,0.0,0.0,0.0,0.0,0.0,0.0,0.014084507042253521,0.014084507042253521,0.0,0.0
prototype_committee,round11_feature_cache_seed315,0.25,large_gap_control,951,0.0,0.0,0.0,0.0,0.0,0.0,0.9978969505783386,0.9978969505783386,0.0,0.0
prototype_committee,round11_feature_cache_seed315,0.5,overall,4344,0.0050644567219152855,0.0,1.0,0.0,0.0,0.0,0.9677716390423573,0.9677716390423573,0.0,0.0
prototype_committee,round11_feature_cache_seed315,0.5,stable_positive_v2,1,0.0,0.0,0.0,0.0,0.0,0.0,0.0,0.0,0.0,0.0
prototype_committee,round11_feature_cache_seed315,0.5,stable_positive_v2_committee,0,0.0,0.0,0.0,0.0,0.0,0.0,0.0,0.0,0.0,0.0
prototype_committee,round11_feature_cache_seed315,0.5,hard_near_tie,832,0.015625,0.0,1.0,0.0,0.0,0.0,0.9158653846153846,0.9158653846153846,0.0,0.0
prototype_committee,round11_feature_cache_seed315,0.5,high_headroom_near_tie,35,0.0,0.0,0.0,0.0,0.0,0.0,0.0,0.0,0.0,0.0
prototype_committee,round11_feature_cache_seed315,0.5,baseline_error_near_tie,71,0.0,0.0,0.0,0.0,0.0,0.0,0.014084507042253521,0.014084507042253521,0.0,0.0
prototype_committee,round11_feature_cache_seed315,0.5,large_gap_control,951,0.0,0.0,0.0,0.0,0.0,0.0,0.9978969505783386,0.9978969505783386,0.0,0.0
prototype_committee,round11_feature_cache_seed315,0.75,overall,4344,0.007596685082872928,0.0,1.0,0.0,0.0,0.0,0.9677716390423573,0.9677716390423573,0.0,0.0
prototype_committee,round11_feature_cache_seed315,0.75,stable_positive_v2,1,0.0,0.0,0.0,0.0,0.0,0.0,0.0,0.0,0.0,0.0
prototype_committee,round11_feature_cache_seed315,0.75,stable_positive_v2_committee,0,0.0,0.0,0.0,0.0,0.0,0.0,0.0,0.0,0.0,0.0
prototype_committee,round11_feature_cache_seed315,0.75,hard_near_tie,832,0.026442307692307692,0.0,1.0,0.0,0.0,0.0,0.9158653846153846,0.9158653846153846,0.0,0.0
prototype_committee,round11_feature_cache_seed315,0.75,high_headroom_near_tie,35,0.0,0.0,0.0,0.0,0.0,0.0,0.0,0.0,0.0,0.0
prototype_committee,round11_feature_cache_seed315,0.75,baseline_error_near_tie,71,0.0,0.0,0.0,0.0,0.0,0.0,0.014084507042253521,0.014084507042253521,0.0,0.0
prototype_committee,round11_feature_cache_seed315,0.75,large_gap_control,951,0.0,0.0,0.0,0.0,0.0,0.0,0.9978969505783386,0.9978969505783386,0.0,0.0
prototype_committee,round11_feature_cache_seed315,1.0,overall,4344,0.010128913443830571,0.0,1.0,0.0,0.0,0.0,0.9677716390423573,0.9677716390423573,0.0,0.0
prototype_committee,round11_feature_cache_seed315,1.0,stable_positive_v2,1,0.0,0.0,0.0,0.0,0.0,0.0,0.0,0.0,0.0,0.0
prototype_committee,round11_feature_cache_seed315,1.0,stable_positive_v2_committee,0,0.0,0.0,0.0,0.0,0.0,0.0,0.0,0.0,0.0,0.0
prototype_committee,round11_feature_cache_seed315,1.0,hard_near_tie,832,0.03245192307692308,0.0,1.0,0.0,0.0,0.0,0.9158653846153846,0.9158653846153846,0.0,0.0
prototype_committee,round11_feature_cache_seed315,1.0,high_headroom_near_tie,35,0.0,0.0,0.0,0.0,0.0,0.0,0.0,0.0,0.0,0.0
prototype_committee,round11_feature_cache_seed315,1.0,baseline_error_near_tie,71,0.0,0.0,0.0,0.0,0.0,0.0,0.014084507042253521,0.014084507042253521,0.0,0.0
prototype_committee,round11_feature_cache_seed315,1.0,large_gap_control,951,0.0,0.0,0.0,0.0,0.0,0.0,0.9978969505783386,0.9978969505783386,0.0,0.0
prototype_committee,round11_feature_cache_seed315,1.5,overall,4344,0.015193370165745856,0.0,1.0,0.0,0.0,0.0,0.9677716390423573,0.9677716390423573,0.0,0.0
prototype_committee,round11_feature_cache_seed315,1.5,stable_positive_v2,1,0.0,0.0,0.0,0.0,0.0,0.0,0.0,0.0,0.0,0.0
prototype_committee,round11_feature_cache_seed315,1.5,stable_positive_v2_committee,0,0.0,0.0,0.0,0.0,0.0,0.0,0.0,0.0,0.0,0.0
prototype_committee,round11_feature_cache_seed315,1.5,hard_near_tie,832,0.046875,0.0,1.0,0.0,0.0,0.0,0.9158653846153846,0.9158653846153846,0.0,0.0
prototype_committee,round11_feature_cache_seed315,1.5,high_headroom_near_tie,35,0.0,0.0,0.0,0.0,0.0,0.0,0.0,0.0,0.0,0.0
prototype_committee,round11_feature_cache_seed315,1.5,baseline_error_near_tie,71,0.0,0.0,0.0,0.0,0.0,0.0,0.014084507042253521,0.014084507042253521,0.0,0.0
prototype_committee,round11_feature_cache_seed315,1.5,large_gap_control,951,0.0031545741324921135,0.0,1.0,0.0,0.0,0.0,0.9978969505783386,0.9978969505783386,0.0,0.0
prototype_committee,round11_feature_cache_seed315,2.0,overall,4344,0.020027624309392266,0.0,1.0,0.0,0.0,0.0,0.9677716390423573,0.9677716390423573,0.0,0.0
prototype_committee,round11_feature_cache_seed315,2.0,stable_positive_v2,1,0.0,0.0,0.0,0.0,0.0,0.0,0.0,0.0,0.0,0.0
prototype_committee,round11_feature_cache_seed315,2.0,stable_positive_v2_committee,0,0.0,0.0,0.0,0.0,0.0,0.0,0.0,0.0,0.0,0.0
prototype_committee,round11_feature_cache_seed315,2.0,hard_near_tie,832,0.055288461538461536,0.0,1.0,0.0,0.0,0.0,0.9158653846153846,0.9158653846153846,0.0,0.0
prototype_committee,round11_feature_cache_seed315,2.0,high_headroom_near_tie,35,0.0,0.0,0.0,0.0,0.0,0.0,0.0,0.0,0.0,0.0
prototype_committee,round11_feature_cache_seed315,2.0,baseline_error_near_tie,71,0.0,0.0,0.0,0.0,0.0,0.0,0.014084507042253521,0.014084507042253521,0.0,0.0
prototype_committee,round11_feature_cache_seed315,2.0,large_gap_control,951,0.006309148264984227,0.0,1.0,0.0,0.0,0.0,0.9978969505783386,0.9978969505783386,0.0,0.0
margin_retrieval,round11_feature_cache_seed315,0.1,overall,4344,0.0011510128913443832,0.0,1.0,0.0,0.0,0.0,0.9677716390423573,0.9677716390423573,0.0,0.0
margin_retrieval,round11_feature_cache_seed315,0.1,stable_positive_v2,1,0.0,0.0,0.0,0.0,0.0,0.0,0.0,0.0,0.0,0.0
margin_retrieval,round11_feature_cache_seed315,0.1,stable_positive_v2_committee,0,0.0,0.0,0.0,0.0,0.0,0.0,0.0,0.0,0.0,0.0
margin_retrieval,round11_feature_cache_seed315,0.1,hard_near_tie,832,0.003605769230769231,0.0,1.0,0.0,0.0,0.0,0.9158653846153846,0.9158653846153846,0.0,0.0
margin_retrieval,round11_feature_cache_seed315,0.1,high_headroom_near_tie,35,0.0,0.0,0.0,0.0,0.0,0.0,0.0,0.0,0.0,0.0
margin_retrieval,round11_feature_cache_seed315,0.1,baseline_error_near_tie,71,0.0,0.0,0.0,0.0,0.0,0.0,0.014084507042253521,0.014084507042253521,0.0,0.0
margin_retrieval,round11_feature_cache_seed315,0.1,large_gap_control,951,0.0,0.0,0.0,0.0,0.0,0.0,0.9978969505783386,0.9978969505783386,0.0,0.0
margin_retrieval,round11_feature_cache_seed315,0.25,overall,4344,0.0025322283609576428,0.0,1.0,0.0,0.0,0.0,0.9677716390423573,0.9677716390423573,0.0,0.0
margin_retrieval,round11_feature_cache_seed315,0.25,stable_positive_v2,1,0.0,0.0,0.0,0.0,0.0,0.0,0.0,0.0,0.0,0.0
margin_retrieval,round11_feature_cache_seed315,0.25,stable_positive_v2_committee,0,0.0,0.0,0.0,0.0,0.0,0.0,0.0,0.0,0.0,0.0
margin_retrieval,round11_feature_cache_seed315,0.25,hard_near_tie,832,0.008413461538461538,0.0,1.0,0.0,0.0,0.0,0.9158653846153846,0.9158653846153846,0.0,0.0
margin_retrieval,round11_feature_cache_seed315,0.25,high_headroom_near_tie,35,0.0,0.0,0.0,0.0,0.0,0.0,0.0,0.0,0.0,0.0
margin_retrieval,round11_feature_cache_seed315,0.25,baseline_error_near_tie,71,0.0,0.0,0.0,0.0,0.0,0.0,0.014084507042253521,0.014084507042253521,0.0,0.0
margin_retrieval,round11_feature_cache_seed315,0.25,large_gap_control,951,0.0,0.0,0.0,0.0,0.0,0.0,0.9978969505783386,0.9978969505783386,0.0,0.0
margin_retrieval,round11_feature_cache_seed315,0.5,overall,4344,0.0050644567219152855,0.0,1.0,0.0,0.0,0.0,0.9677716390423573,0.9677716390423573,0.0,0.0
margin_retrieval,round11_feature_cache_seed315,0.5,stable_positive_v2,1,0.0,0.0,0.0,0.0,0.0,0.0,0.0,0.0,0.0,0.0
margin_retrieval,round11_feature_cache_seed315,0.5,stable_positive_v2_committee,0,0.0,0.0,0.0,0.0,0.0,0.0,0.0,0.0,0.0,0.0
margin_retrieval,round11_feature_cache_seed315,0.5,hard_near_tie,832,0.016826923076923076,0.0,1.0,0.0,0.0,0.0,0.9158653846153846,0.9158653846153846,0.0,0.0
margin_retrieval,round11_feature_cache_seed315,0.5,high_headroom_near_tie,35,0.0,0.0,0.0,0.0,0.0,0.0,0.0,0.0,0.0,0.0
margin_retrieval,round11_feature_cache_seed315,0.5,baseline_error_near_tie,71,0.0,0.0,0.0,0.0,0.0,0.0,0.014084507042253521,0.014084507042253521,0.0,0.0
margin_retrieval,round11_feature_cache_seed315,0.5,large_gap_control,951,0.0,0.0,0.0,0.0,0.0,0.0,0.9978969505783386,0.9978969505783386,0.0,0.0
margin_retrieval,round11_feature_cache_seed315,0.75,overall,4344,0.007596685082872928,0.0,1.0,0.0,0.0,0.0,0.9677716390423573,0.9677716390423573,0.0,0.0
margin_retrieval,round11_feature_cache_seed315,0.75,stable_positive_v2,1,0.0,0.0,0.0,0.0,0.0,0.0,0.0,0.0,0.0,0.0
margin_retrieval,round11_feature_cache_seed315,0.75,stable_positive_v2_committee,0,0.0,0.0,0.0,0.0,0.0,0.0,0.0,0.0,0.0,0.0
margin_retrieval,round11_feature_cache_seed315,0.75,hard_near_tie,832,0.027644230769230768,0.0,1.0,0.0,0.0,0.0,0.9158653846153846,0.9158653846153846,0.0,0.0
margin_retrieval,round11_feature_cache_seed315,0.75,high_headroom_near_tie,35,0.0,0.0,0.0,0.0,0.0,0.0,0.0,0.0,0.0,0.0
margin_retrieval,round11_feature_cache_seed315,0.75,baseline_error_near_tie,71,0.0,0.0,0.0,0.0,0.0,0.0,0.014084507042253521,0.014084507042253521,0.0,0.0
margin_retrieval,round11_feature_cache_seed315,0.75,large_gap_control,951,0.0,0.0,0.0,0.0,0.0,0.0,0.9978969505783386,0.9978969505783386,0.0,0.0
margin_retrieval,round11_feature_cache_seed315,1.0,overall,4344,0.010128913443830571,0.0,1.0,0.0,0.0,0.0,0.9677716390423573,0.9677716390423573,0.0,0.0
margin_retrieval,round11_feature_cache_seed315,1.0,stable_positive_v2,1,0.0,0.0,0.0,0.0,0.0,0.0,0.0,0.0,0.0,0.0
margin_retrieval,round11_feature_cache_seed315,1.0,stable_positive_v2_committee,0,0.0,0.0,0.0,0.0,0.0,0.0,0.0,0.0,0.0,0.0
margin_retrieval,round11_feature_cache_seed315,1.0,hard_near_tie,832,0.03485576923076923,0.0,1.0,0.0,0.0,0.0,0.9158653846153846,0.9158653846153846,0.0,0.0
margin_retrieval,round11_feature_cache_seed315,1.0,high_headroom_near_tie,35,0.0,0.0,0.0,0.0,0.0,0.0,0.0,0.0,0.0,0.0
margin_retrieval,round11_feature_cache_seed315,1.0,baseline_error_near_tie,71,0.0,0.0,0.0,0.0,0.0,0.0,0.014084507042253521,0.014084507042253521,0.0,0.0
margin_retrieval,round11_feature_cache_seed315,1.0,large_gap_control,951,0.0,0.0,0.0,0.0,0.0,0.0,0.9978969505783386,0.9978969505783386,0.0,0.0
margin_retrieval,round11_feature_cache_seed315,1.5,overall,4344,0.015193370165745856,0.0,1.0,0.0,0.0,0.0,0.9677716390423573,0.9677716390423573,0.0,0.0
margin_retrieval,round11_feature_cache_seed315,1.5,stable_positive_v2,1,0.0,0.0,0.0,0.0,0.0,0.0,0.0,0.0,0.0,0.0
margin_retrieval,round11_feature_cache_seed315,1.5,stable_positive_v2_committee,0,0.0,0.0,0.0,0.0,0.0,0.0,0.0,0.0,0.0,0.0
margin_retrieval,round11_feature_cache_seed315,1.5,hard_near_tie,832,0.05048076923076923,0.0,1.0,0.0,0.0,0.0,0.9158653846153846,0.9158653846153846,0.0,0.0
margin_retrieval,round11_feature_cache_seed315,1.5,high_headroom_near_tie,35,0.0,0.0,0.0,0.0,0.0,0.0,0.0,0.0,0.0,0.0
margin_retrieval,round11_feature_cache_seed315,1.5,baseline_error_near_tie,71,0.0,0.0,0.0,0.0,0.0,0.0,0.014084507042253521,0.014084507042253521,0.0,0.0
margin_retrieval,round11_feature_cache_seed315,1.5,large_gap_control,951,0.0,0.0,0.0,0.0,0.0,0.0,0.9978969505783386,0.9978969505783386,0.0,0.0
margin_retrieval,round11_feature_cache_seed315,2.0,overall,4344,0.020027624309392266,0.0,1.0,0.0,0.0,0.0,0.9677716390423573,0.9677716390423573,0.0,0.0
margin_retrieval,round11_feature_cache_seed315,2.0,stable_positive_v2,1,0.0,0.0,0.0,0.0,0.0,0.0,0.0,0.0,0.0,0.0
margin_retrieval,round11_feature_cache_seed315,2.0,stable_positive_v2_committee,0,0.0,0.0,0.0,0.0,0.0,0.0,0.0,0.0,0.0,0.0
margin_retrieval,round11_feature_cache_seed315,2.0,hard_near_tie,832,0.0673076923076923,0.0,1.0,0.0,0.0,0.0,0.9158653846153846,0.9158653846153846,0.0,0.0
margin_retrieval,round11_feature_cache_seed315,2.0,high_headroom_near_tie,35,0.0,0.0,0.0,0.0,0.0,0.0,0.0,0.0,0.0,0.0
margin_retrieval,round11_feature_cache_seed315,2.0,baseline_error_near_tie,71,0.0,0.0,0.0,0.0,0.0,0.0,0.014084507042253521,0.014084507042253521,0.0,0.0
margin_retrieval,round11_feature_cache_seed315,2.0,large_gap_control,951,0.0,0.0,0.0,0.0,0.0,0.0,0.9978969505783386,0.9978969505783386,0.0,0.0
knn_v2,round11_feature_cache_seed316,0.1,overall,4339,0.00115233924867481,0.0,1.0,0.0,0.0,0.0,0.9624337404932012,0.9624337404932012,0.0,0.0
knn_v2,round11_feature_cache_seed316,0.1,stable_positive_v2,3,0.0,0.0,0.0,0.0,0.0,0.0,0.0,0.0,0.0,0.0
knn_v2,round11_feature_cache_seed316,0.1,stable_positive_v2_committee,2,0.0,0.0,0.0,0.0,0.0,0.0,0.0,0.0,0.0,0.0
knn_v2,round11_feature_cache_seed316,0.1,hard_near_tie,657,0.0060882800608828,0.0,1.0,0.0,0.0,0.0,0.8919330289193302,0.8919330289193302,0.0,0.0
knn_v2,round11_feature_cache_seed316,0.1,high_headroom_near_tie,35,0.0,0.0,0.0,0.0,0.0,0.0,0.0,0.0,0.0,0.0
knn_v2,round11_feature_cache_seed316,0.1,baseline_error_near_tie,73,0.0,0.0,0.0,0.0,0.0,0.0,0.0273972602739726,0.0273972602739726,0.0,0.0
knn_v2,round11_feature_cache_seed316,0.1,large_gap_control,970,0.0,0.0,0.0,0.0,0.0,0.0,0.9979381443298969,0.9979381443298969,0.0,0.0
knn_v2,round11_feature_cache_seed316,0.25,overall,4339,0.002535146347084582,0.0,1.0,0.0,0.0,0.0,0.9624337404932012,0.9624337404932012,0.0,0.0
knn_v2,round11_feature_cache_seed316,0.25,stable_positive_v2,3,0.0,0.0,0.0,0.0,0.0,0.0,0.0,0.0,0.0,0.0
knn_v2,round11_feature_cache_seed316,0.25,stable_positive_v2_committee,2,0.0,0.0,0.0,0.0,0.0,0.0,0.0,0.0,0.0,0.0
knn_v2,round11_feature_cache_seed316,0.25,hard_near_tie,657,0.0121765601217656,0.0,1.0,0.0,0.0,0.0,0.8919330289193302,0.8919330289193302,0.0,0.0
knn_v2,round11_feature_cache_seed316,0.25,high_headroom_near_tie,35,0.0,0.0,0.0,0.0,0.0,0.0,0.0,0.0,0.0,0.0
knn_v2,round11_feature_cache_seed316,0.25,baseline_error_near_tie,73,0.0,0.0,0.0,0.0,0.0,0.0,0.0273972602739726,0.0273972602739726,0.0,0.0
knn_v2,round11_feature_cache_seed316,0.25,large_gap_control,970,0.0,0.0,0.0,0.0,0.0,0.0,0.9979381443298969,0.9979381443298969,0.0,0.0
knn_v2,round11_feature_cache_seed316,0.5,overall,4339,0.005070292694169164,0.0,1.0,0.0,0.0,0.0,0.9624337404932012,0.9624337404932012,0.0,0.0
knn_v2,round11_feature_cache_seed316,0.5,stable_positive_v2,3,0.0,0.0,0.0,0.0,0.0,0.0,0.0,0.0,0.0,0.0
knn_v2,round11_feature_cache_seed316,0.5,stable_positive_v2_committee,2,0.0,0.0,0.0,0.0,0.0,0.0,0.0,0.0,0.0,0.0
knn_v2,round11_feature_cache_seed316,0.5,hard_near_tie,657,0.0258751902587519,0.0,1.0,0.0,0.0,0.0,0.8919330289193302,0.8919330289193302,0.0,0.0
knn_v2,round11_feature_cache_seed316,0.5,high_headroom_near_tie,35,0.0,0.0,0.0,0.0,0.0,0.0,0.0,0.0,0.0,0.0
knn_v2,round11_feature_cache_seed316,0.5,baseline_error_near_tie,73,0.0,0.0,0.0,0.0,0.0,0.0,0.0273972602739726,0.0273972602739726,0.0,0.0
knn_v2,round11_feature_cache_seed316,0.5,large_gap_control,970,0.0,0.0,0.0,0.0,0.0,0.0,0.9979381443298969,0.9979381443298969,0.0,0.0
knn_v2,round11_feature_cache_seed316,0.75,overall,4339,0.0076054390412537455,0.0,1.0,0.0,0.0,0.0,0.9624337404932012,0.9624337404932012,0.0,0.0
knn_v2,round11_feature_cache_seed316,0.75,stable_positive_v2,3,0.0,0.0,0.0,0.0,0.0,0.0,0.0,0.0,0.0,0.0
knn_v2,round11_feature_cache_seed316,0.75,stable_positive_v2_committee,2,0.0,0.0,0.0,0.0,0.0,0.0,0.0,0.0,0.0,0.0
knn_v2,round11_feature_cache_seed316,0.75,hard_near_tie,657,0.0380517503805175,0.0,1.0,0.0,0.0,0.0,0.8919330289193302,0.8919330289193302,0.0,0.0
knn_v2,round11_feature_cache_seed316,0.75,high_headroom_near_tie,35,0.0,0.0,0.0,0.0,0.0,0.0,0.0,0.0,0.0,0.0
knn_v2,round11_feature_cache_seed316,0.75,baseline_error_near_tie,73,0.0,0.0,0.0,0.0,0.0,0.0,0.0273972602739726,0.0273972602739726,0.0,0.0
knn_v2,round11_feature_cache_seed316,0.75,large_gap_control,970,0.0,0.0,0.0,0.0,0.0,0.0,0.9979381443298969,0.9979381443298969,0.0,0.0
knn_v2,round11_feature_cache_seed316,1.0,overall,4339,0.010140585388338327,0.0,1.0,0.0,0.0,0.0,0.9624337404932012,0.9624337404932012,0.0,0.0
knn_v2,round11_feature_cache_seed316,1.0,stable_positive_v2,3,0.0,0.0,0.0,0.0,0.0,0.0,0.0,0.0,0.0,0.0
knn_v2,round11_feature_cache_seed316,1.0,stable_positive_v2_committee,2,0.0,0.0,0.0,0.0,0.0,0.0,0.0,0.0,0.0,0.0
knn_v2,round11_feature_cache_seed316,1.0,hard_near_tie,657,0.0502283105022831,0.0,1.0,0.0,0.0,0.0,0.8919330289193302,0.8919330289193302,0.0,0.0
knn_v2,round11_feature_cache_seed316,1.0,high_headroom_near_tie,35,0.0,0.0,0.0,0.0,0.0,0.0,0.0,0.0,0.0,0.0
knn_v2,round11_feature_cache_seed316,1.0,baseline_error_near_tie,73,0.0,0.0,0.0,0.0,0.0,0.0,0.0273972602739726,0.0273972602739726,0.0,0.0
knn_v2,round11_feature_cache_seed316,1.0,large_gap_control,970,0.0,0.0,0.0,0.0,0.0,0.0,0.9979381443298969,0.9979381443298969,0.0,0.0
knn_v2,round11_feature_cache_seed316,1.5,overall,4339,0.015210878082507491,0.0,1.0,0.0,0.0,0.0,0.9624337404932012,0.9624337404932012,0.0,0.0
knn_v2,round11_feature_cache_seed316,1.5,stable_positive_v2,3,0.0,0.0,0.0,0.0,0.0,0.0,0.0,0.0,0.0,0.0
knn_v2,round11_feature_cache_seed316,1.5,stable_positive_v2_committee,2,0.0,0.0,0.0,0.0,0.0,0.0,0.0,0.0,0.0,0.0
knn_v2,round11_feature_cache_seed316,1.5,hard_near_tie,657,0.0684931506849315,0.0,1.0,0.0,0.0,0.0,0.8919330289193302,0.8919330289193302,0.0,0.0
knn_v2,round11_feature_cache_seed316,1.5,high_headroom_near_tie,35,0.0,0.0,0.0,0.0,0.0,0.0,0.0,0.0,0.0,0.0
knn_v2,round11_feature_cache_seed316,1.5,baseline_error_near_tie,73,0.0,0.0,0.0,0.0,0.0,0.0,0.0273972602739726,0.0273972602739726,0.0,0.0
knn_v2,round11_feature_cache_seed316,1.5,large_gap_control,970,0.0,0.0,0.0,0.0,0.0,0.0,0.9979381443298969,0.9979381443298969,0.0,0.0
knn_v2,round11_feature_cache_seed316,2.0,overall,4339,0.02005070292694169,0.0,1.0,0.0,0.0,0.0,0.9624337404932012,0.9624337404932012,0.0,0.0
knn_v2,round11_feature_cache_seed316,2.0,stable_positive_v2,3,0.0,0.0,0.0,0.0,0.0,0.0,0.0,0.0,0.0,0.0
knn_v2,round11_feature_cache_seed316,2.0,stable_positive_v2_committee,2,0.0,0.0,0.0,0.0,0.0,0.0,0.0,0.0,0.0,0.0
knn_v2,round11_feature_cache_seed316,2.0,hard_near_tie,657,0.0837138508371385,0.0,1.0,0.0,0.0,0.0,0.8919330289193302,0.8919330289193302,0.0,0.0
knn_v2,round11_feature_cache_seed316,2.0,high_headroom_near_tie,35,0.0,0.0,0.0,0.0,0.0,0.0,0.0,0.0,0.0,0.0
knn_v2,round11_feature_cache_seed316,2.0,baseline_error_near_tie,73,0.0,0.0,0.0,0.0,0.0,0.0,0.0273972602739726,0.0273972602739726,0.0,0.0
knn_v2,round11_feature_cache_seed316,2.0,large_gap_control,970,0.0,0.0,0.0,0.0,0.0,0.0,0.9979381443298969,0.9979381443298969,0.0,0.0
prototype_committee,round11_feature_cache_seed316,0.1,overall,4339,0.00115233924867481,0.0,1.0,0.0,0.0,0.0,0.9624337404932012,0.9624337404932012,0.0,0.0
prototype_committee,round11_feature_cache_seed316,0.1,stable_positive_v2,3,0.0,0.0,0.0,0.0,0.0,0.0,0.0,0.0,0.0,0.0
prototype_committee,round11_feature_cache_seed316,0.1,stable_positive_v2_committee,2,0.0,0.0,0.0,0.0,0.0,0.0,0.0,0.0,0.0,0.0
prototype_committee,round11_feature_cache_seed316,0.1,hard_near_tie,657,0.0060882800608828,0.0,1.0,0.0,0.0,0.0,0.8919330289193302,0.8919330289193302,0.0,0.0
prototype_committee,round11_feature_cache_seed316,0.1,high_headroom_near_tie,35,0.0,0.0,0.0,0.0,0.0,0.0,0.0,0.0,0.0,0.0
prototype_committee,round11_feature_cache_seed316,0.1,baseline_error_near_tie,73,0.0,0.0,0.0,0.0,0.0,0.0,0.0273972602739726,0.0273972602739726,0.0,0.0
prototype_committee,round11_feature_cache_seed316,0.1,large_gap_control,970,0.0,0.0,0.0,0.0,0.0,0.0,0.9979381443298969,0.9979381443298969,0.0,0.0
prototype_committee,round11_feature_cache_seed316,0.25,overall,4339,0.002535146347084582,0.0,1.0,0.0,0.0,0.0,0.9624337404932012,0.9624337404932012,0.0,0.0
prototype_committee,round11_feature_cache_seed316,0.25,stable_positive_v2,3,0.0,0.0,0.0,0.0,0.0,0.0,0.0,0.0,0.0,0.0
prototype_committee,round11_feature_cache_seed316,0.25,stable_positive_v2_committee,2,0.0,0.0,0.0,0.0,0.0,0.0,0.0,0.0,0.0,0.0
prototype_committee,round11_feature_cache_seed316,0.25,hard_near_tie,657,0.0136986301369863,0.0,1.0,0.0,0.0,0.0,0.8919330289193302,0.8919330289193302,0.0,0.0
prototype_committee,round11_feature_cache_seed316,0.25,high_headroom_near_tie,35,0.0,0.0,0.0,0.0,0.0,0.0,0.0,0.0,0.0,0.0
prototype_committee,round11_feature_cache_seed316,0.25,baseline_error_near_tie,73,0.0,0.0,0.0,0.0,0.0,0.0,0.0273972602739726,0.0273972602739726,0.0,0.0
prototype_committee,round11_feature_cache_seed316,0.25,large_gap_control,970,0.0,0.0,0.0,0.0,0.0,0.0,0.9979381443298969,0.9979381443298969,0.0,0.0
prototype_committee,round11_feature_cache_seed316,0.5,overall,4339,0.005070292694169164,0.0,1.0,0.0,0.0,0.0,0.9624337404932012,0.9624337404932012,0.0,0.0
prototype_committee,round11_feature_cache_seed316,0.5,stable_positive_v2,3,0.0,0.0,0.0,0.0,0.0,0.0,0.0,0.0,0.0,0.0
prototype_committee,round11_feature_cache_seed316,0.5,stable_positive_v2_committee,2,0.0,0.0,0.0,0.0,0.0,0.0,0.0,0.0,0.0,0.0
prototype_committee,round11_feature_cache_seed316,0.5,hard_near_tie,657,0.0258751902587519,0.0,1.0,0.0,0.0,0.0,0.8919330289193302,0.8919330289193302,0.0,0.0
prototype_committee,round11_feature_cache_seed316,0.5,high_headroom_near_tie,35,0.0,0.0,0.0,0.0,0.0,0.0,0.0,0.0,0.0,0.0
prototype_committee,round11_feature_cache_seed316,0.5,baseline_error_near_tie,73,0.0,0.0,0.0,0.0,0.0,0.0,0.0273972602739726,0.0273972602739726,0.0,0.0
prototype_committee,round11_feature_cache_seed316,0.5,large_gap_control,970,0.0,0.0,0.0,0.0,0.0,0.0,0.9979381443298969,0.9979381443298969,0.0,0.0
prototype_committee,round11_feature_cache_seed316,0.75,overall,4339,0.0076054390412537455,0.0,1.0,0.0,0.0,0.0,0.9624337404932012,0.9624337404932012,0.0,0.0
prototype_committee,round11_feature_cache_seed316,0.75,stable_positive_v2,3,0.0,0.0,0.0,0.0,0.0,0.0,0.0,0.0,0.0,0.0
prototype_committee,round11_feature_cache_seed316,0.75,stable_positive_v2_committee,2,0.0,0.0,0.0,0.0,0.0,0.0,0.0,0.0,0.0,0.0
prototype_committee,round11_feature_cache_seed316,0.75,hard_near_tie,657,0.0380517503805175,0.0,1.0,0.0,0.0,0.0,0.8919330289193302,0.8919330289193302,0.0,0.0
prototype_committee,round11_feature_cache_seed316,0.75,high_headroom_near_tie,35,0.0,0.0,0.0,0.0,0.0,0.0,0.0,0.0,0.0,0.0
prototype_committee,round11_feature_cache_seed316,0.75,baseline_error_near_tie,73,0.0,0.0,0.0,0.0,0.0,0.0,0.0273972602739726,0.0273972602739726,0.0,0.0
prototype_committee,round11_feature_cache_seed316,0.75,large_gap_control,970,0.0,0.0,0.0,0.0,0.0,0.0,0.9979381443298969,0.9979381443298969,0.0,0.0
prototype_committee,round11_feature_cache_seed316,1.0,overall,4339,0.010140585388338327,0.0,1.0,0.0,0.0,0.0,0.9624337404932012,0.9624337404932012,0.0,0.0
prototype_committee,round11_feature_cache_seed316,1.0,stable_positive_v2,3,0.0,0.0,0.0,0.0,0.0,0.0,0.0,0.0,0.0,0.0
prototype_committee,round11_feature_cache_seed316,1.0,stable_positive_v2_committee,2,0.0,0.0,0.0,0.0,0.0,0.0,0.0,0.0,0.0,0.0
prototype_committee,round11_feature_cache_seed316,1.0,hard_near_tie,657,0.0517503805175038,0.0,1.0,0.0,0.0,0.0,0.8919330289193302,0.8919330289193302,0.0,0.0
prototype_committee,round11_feature_cache_seed316,1.0,high_headroom_near_tie,35,0.0,0.0,0.0,0.0,0.0,0.0,0.0,0.0,0.0,0.0
prototype_committee,round11_feature_cache_seed316,1.0,baseline_error_near_tie,73,0.0,0.0,0.0,0.0,0.0,0.0,0.0273972602739726,0.0273972602739726,0.0,0.0
prototype_committee,round11_feature_cache_seed316,1.0,large_gap_control,970,0.0,0.0,0.0,0.0,0.0,0.0,0.9979381443298969,0.9979381443298969,0.0,0.0
prototype_committee,round11_feature_cache_seed316,1.5,overall,4339,0.015210878082507491,0.0,1.0,0.0,0.0,0.0,0.9624337404932012,0.9624337404932012,0.0,0.0
prototype_committee,round11_feature_cache_seed316,1.5,stable_positive_v2,3,0.0,0.0,0.0,0.0,0.0,0.0,0.0,0.0,0.0,0.0
prototype_committee,round11_feature_cache_seed316,1.5,stable_positive_v2_committee,2,0.0,0.0,0.0,0.0,0.0,0.0,0.0,0.0,0.0,0.0
prototype_committee,round11_feature_cache_seed316,1.5,hard_near_tie,657,0.0715372907153729,0.0,1.0,0.0,0.0,0.0,0.8919330289193302,0.8919330289193302,0.0,0.0
prototype_committee,round11_feature_cache_seed316,1.5,high_headroom_near_tie,35,0.0,0.0,0.0,0.0,0.0,0.0,0.0,0.0,0.0,0.0
prototype_committee,round11_feature_cache_seed316,1.5,baseline_error_near_tie,73,0.0,0.0,0.0,0.0,0.0,0.0,0.0273972602739726,0.0273972602739726,0.0,0.0
prototype_committee,round11_feature_cache_seed316,1.5,large_gap_control,970,0.0,0.0,0.0,0.0,0.0,0.0,0.9979381443298969,0.9979381443298969,0.0,0.0
prototype_committee,round11_feature_cache_seed316,2.0,overall,4339,0.02005070292694169,0.0,1.0,0.0,0.0,0.0,0.9624337404932012,0.9624337404932012,0.0,0.0
prototype_committee,round11_feature_cache_seed316,2.0,stable_positive_v2,3,0.0,0.0,0.0,0.0,0.0,0.0,0.0,0.0,0.0,0.0
prototype_committee,round11_feature_cache_seed316,2.0,stable_positive_v2_committee,2,0.0,0.0,0.0,0.0,0.0,0.0,0.0,0.0,0.0,0.0
prototype_committee,round11_feature_cache_seed316,2.0,hard_near_tie,657,0.0821917808219178,0.0,1.0,0.0,0.0,0.0,0.8919330289193302,0.8919330289193302,0.0,0.0
prototype_committee,round11_feature_cache_seed316,2.0,high_headroom_near_tie,35,0.0,0.0,0.0,0.0,0.0,0.0,0.0,0.0,0.0,0.0
prototype_committee,round11_feature_cache_seed316,2.0,baseline_error_near_tie,73,0.0,0.0,0.0,0.0,0.0,0.0,0.0273972602739726,0.0273972602739726,0.0,0.0
prototype_committee,round11_feature_cache_seed316,2.0,large_gap_control,970,0.0,0.0,0.0,0.0,0.0,0.0,0.9979381443298969,0.9979381443298969,0.0,0.0
margin_retrieval,round11_feature_cache_seed316,0.1,overall,4339,0.00115233924867481,0.0,1.0,0.0,0.0,0.0,0.9624337404932012,0.9624337404932012,0.0,0.0
margin_retrieval,round11_feature_cache_seed316,0.1,stable_positive_v2,3,0.0,0.0,0.0,0.0,0.0,0.0,0.0,0.0,0.0,0.0
margin_retrieval,round11_feature_cache_seed316,0.1,stable_positive_v2_committee,2,0.0,0.0,0.0,0.0,0.0,0.0,0.0,0.0,0.0,0.0
margin_retrieval,round11_feature_cache_seed316,0.1,hard_near_tie,657,0.0030441400304414,0.0,1.0,0.0,0.0,0.0,0.8919330289193302,0.8919330289193302,0.0,0.0
margin_retrieval,round11_feature_cache_seed316,0.1,high_headroom_near_tie,35,0.0,0.0,0.0,0.0,0.0,0.0,0.0,0.0,0.0,0.0
margin_retrieval,round11_feature_cache_seed316,0.1,baseline_error_near_tie,73,0.0,0.0,0.0,0.0,0.0,0.0,0.0273972602739726,0.0273972602739726,0.0,0.0
margin_retrieval,round11_feature_cache_seed316,0.1,large_gap_control,970,0.0,0.0,0.0,0.0,0.0,0.0,0.9979381443298969,0.9979381443298969,0.0,0.0
margin_retrieval,round11_feature_cache_seed316,0.25,overall,4339,0.002535146347084582,0.0,1.0,0.0,0.0,0.0,0.9624337404932012,0.9624337404932012,0.0,0.0
margin_retrieval,round11_feature_cache_seed316,0.25,stable_positive_v2,3,0.0,0.0,0.0,0.0,0.0,0.0,0.0,0.0,0.0,0.0
margin_retrieval,round11_feature_cache_seed316,0.25,stable_positive_v2_committee,2,0.0,0.0,0.0,0.0,0.0,0.0,0.0,0.0,0.0,0.0
margin_retrieval,round11_feature_cache_seed316,0.25,hard_near_tie,657,0.0091324200913242,0.0,1.0,0.0,0.0,0.0,0.8919330289193302,0.8919330289193302,0.0,0.0
margin_retrieval,round11_feature_cache_seed316,0.25,high_headroom_near_tie,35,0.0,0.0,0.0,0.0,0.0,0.0,0.0,0.0,0.0,0.0
margin_retrieval,round11_feature_cache_seed316,0.25,baseline_error_near_tie,73,0.0,0.0,0.0,0.0,0.0,0.0,0.0273972602739726,0.0273972602739726,0.0,0.0
margin_retrieval,round11_feature_cache_seed316,0.25,large_gap_control,970,0.0,0.0,0.0,0.0,0.0,0.0,0.9979381443298969,0.9979381443298969,0.0,0.0
margin_retrieval,round11_feature_cache_seed316,0.5,overall,4339,0.005070292694169164,0.0,1.0,0.0,0.0,0.0,0.9624337404932012,0.9624337404932012,0.0,0.0
margin_retrieval,round11_feature_cache_seed316,0.5,stable_positive_v2,3,0.0,0.0,0.0,0.0,0.0,0.0,0.0,0.0,0.0,0.0
margin_retrieval,round11_feature_cache_seed316,0.5,stable_positive_v2_committee,2,0.0,0.0,0.0,0.0,0.0,0.0,0.0,0.0,0.0,0.0
margin_retrieval,round11_feature_cache_seed316,0.5,hard_near_tie,657,0.0243531202435312,0.0,1.0,0.0,0.0,0.0,0.8919330289193302,0.8919330289193302,0.0,0.0
margin_retrieval,round11_feature_cache_seed316,0.5,high_headroom_near_tie,35,0.0,0.0,0.0,0.0,0.0,0.0,0.0,0.0,0.0,0.0
margin_retrieval,round11_feature_cache_seed316,0.5,baseline_error_near_tie,73,0.0,0.0,0.0,0.0,0.0,0.0,0.0273972602739726,0.0273972602739726,0.0,0.0
margin_retrieval,round11_feature_cache_seed316,0.5,large_gap_control,970,0.0,0.0,0.0,0.0,0.0,0.0,0.9979381443298969,0.9979381443298969,0.0,0.0
margin_retrieval,round11_feature_cache_seed316,0.75,overall,4339,0.0076054390412537455,0.0,1.0,0.0,0.0,0.0,0.9624337404932012,0.9624337404932012,0.0,0.0
margin_retrieval,round11_feature_cache_seed316,0.75,stable_positive_v2,3,0.0,0.0,0.0,0.0,0.0,0.0,0.0,0.0,0.0,0.0
margin_retrieval,round11_feature_cache_seed316,0.75,stable_positive_v2_committee,2,0.0,0.0,0.0,0.0,0.0,0.0,0.0,0.0,0.0,0.0
margin_retrieval,round11_feature_cache_seed316,0.75,hard_near_tie,657,0.0350076103500761,0.0,1.0,0.0,0.0,0.0,0.8919330289193302,0.8919330289193302,0.0,0.0
margin_retrieval,round11_feature_cache_seed316,0.75,high_headroom_near_tie,35,0.0,0.0,0.0,0.0,0.0,0.0,0.0,0.0,0.0,0.0
margin_retrieval,round11_feature_cache_seed316,0.75,baseline_error_near_tie,73,0.0,0.0,0.0,0.0,0.0,0.0,0.0273972602739726,0.0273972602739726,0.0,0.0
margin_retrieval,round11_feature_cache_seed316,0.75,large_gap_control,970,0.0,0.0,0.0,0.0,0.0,0.0,0.9979381443298969,0.9979381443298969,0.0,0.0
margin_retrieval,round11_feature_cache_seed316,1.0,overall,4339,0.010140585388338327,0.0,1.0,0.0,0.0,0.0,0.9624337404932012,0.9624337404932012,0.0,0.0
margin_retrieval,round11_feature_cache_seed316,1.0,stable_positive_v2,3,0.0,0.0,0.0,0.0,0.0,0.0,0.0,0.0,0.0,0.0
margin_retrieval,round11_feature_cache_seed316,1.0,stable_positive_v2_committee,2,0.0,0.0,0.0,0.0,0.0,0.0,0.0,0.0,0.0,0.0
margin_retrieval,round11_feature_cache_seed316,1.0,hard_near_tie,657,0.0471841704718417,0.0,1.0,0.0,0.0,0.0,0.8919330289193302,0.8919330289193302,0.0,0.0
margin_retrieval,round11_feature_cache_seed316,1.0,high_headroom_near_tie,35,0.0,0.0,0.0,0.0,0.0,0.0,0.0,0.0,0.0,0.0
margin_retrieval,round11_feature_cache_seed316,1.0,baseline_error_near_tie,73,0.0,0.0,0.0,0.0,0.0,0.0,0.0273972602739726,0.0273972602739726,0.0,0.0
margin_retrieval,round11_feature_cache_seed316,1.0,large_gap_control,970,0.0,0.0,0.0,0.0,0.0,0.0,0.9979381443298969,0.9979381443298969,0.0,0.0
margin_retrieval,round11_feature_cache_seed316,1.5,overall,4339,0.015210878082507491,0.0,1.0,0.0,0.0,0.0,0.9624337404932012,0.9624337404932012,0.0,0.0
margin_retrieval,round11_feature_cache_seed316,1.5,stable_positive_v2,3,0.0,0.0,0.0,0.0,0.0,0.0,0.0,0.0,0.0,0.0
margin_retrieval,round11_feature_cache_seed316,1.5,stable_positive_v2_committee,2,0.0,0.0,0.0,0.0,0.0,0.0,0.0,0.0,0.0,0.0
margin_retrieval,round11_feature_cache_seed316,1.5,hard_near_tie,657,0.0669710806697108,0.0,1.0,0.0,0.0,0.0,0.8919330289193302,0.8919330289193302,0.0,0.0
margin_retrieval,round11_feature_cache_seed316,1.5,high_headroom_near_tie,35,0.0,0.0,0.0,0.0,0.0,0.0,0.0,0.0,0.0,0.0
margin_retrieval,round11_feature_cache_seed316,1.5,baseline_error_near_tie,73,0.0,0.0,0.0,0.0,0.0,0.0,0.0273972602739726,0.0273972602739726,0.0,0.0
margin_retrieval,round11_feature_cache_seed316,1.5,large_gap_control,970,0.0,0.0,0.0,0.0,0.0,0.0,0.9979381443298969,0.9979381443298969,0.0,0.0
margin_retrieval,round11_feature_cache_seed316,2.0,overall,4339,0.02005070292694169,0.0,1.0,0.0,0.0,0.0,0.9624337404932012,0.9624337404932012,0.0,0.0
margin_retrieval,round11_feature_cache_seed316,2.0,stable_positive_v2,3,0.0,0.0,0.0,0.0,0.0,0.0,0.0,0.0,0.0,0.0
margin_retrieval,round11_feature_cache_seed316,2.0,stable_positive_v2_committee,2,0.0,0.0,0.0,0.0,0.0,0.0,0.0,0.0,0.0,0.0
margin_retrieval,round11_feature_cache_seed316,2.0,hard_near_tie,657,0.0852359208523592,0.0,1.0,0.0,0.0,0.0,0.8919330289193302,0.8919330289193302,0.0,0.0
margin_retrieval,round11_feature_cache_seed316,2.0,high_headroom_near_tie,35,0.0,0.0,0.0,0.0,0.0,0.0,0.0,0.0,0.0,0.0
margin_retrieval,round11_feature_cache_seed316,2.0,baseline_error_near_tie,73,0.0,0.0,0.0,0.0,0.0,0.0,0.0273972602739726,0.0273972602739726,0.0,0.0
margin_retrieval,round11_feature_cache_seed316,2.0,large_gap_control,970,0.0,0.0,0.0,0.0,0.0,0.0,0.9979381443298969,0.9979381443298969,0.0,0.0
